4.6,3.24,1.51,0.54,2.73,2.01,1.11,0.16,1,0.73,0.35,0.01
2066,2061,2081,2067,2778,3662,3637,3629,3185,3215,3210,3207
2063,2062,2087,2045,2770,3761,3693,3617,3225,3203,3206,3203
2045,2061,2065,2052,2769,3627,3671,3632,3205,3216,3215,3202
2057,2059,2090,2074,2786,3683,3693,3622,3217,3191,3209,3205
2064,2061,2067,2078,2797,3682,3681,3609,3198,3199,3223,3207
2042,2058,2065,2062,2766,3495,3693,3606,3202,3207,3217,3205
2043,2058,2083,2076,2737,3737,3686,3610,3209,3195,3207,3206
2058,2058,2065,2062,2736,3659,3648,3607,3235,3207,3216,3207
2045,2069,2064,2064,2747,3679,3702,3583,3211,3193,3231,3205
2046,2058,2077,2075,2747,3714,3751,3638,3213,3197,3211,3225
2043,2054,2064,2047,2745,3623,3765,3634,3209,3216,3210,3230
2043,2057,2075,2063,2786,3702,3711,3578,3193,3200,3211,3202
2058,2091,2065,2065,2804,3776,3728,3715,3207,3045,3223,3239
2047,2058,2064,2047,2727,3653,3750,3643,3205,3193,3210,3203
2047,2064,2065,2064,2786,3630,3647,3642,3211,3199,3211,3211
2047,2052,2064,1927,2731,3743,3695,3643,3209,3206,3218,3207
2045,2077,2059,2069,2789,3659,3664,3607,3250,3194,3223,3209
2046,2057,2071,2033,2769,3703,3639,3519,3210,3216,3206,3206
2043,2063,2078,2070,2769,3729,3648,3622,3215,3199,3214,3213
2043,2032,2064,2064,2765,3631,3647,3572,3208,3191,3009,3201
2053,2069,2081,2045,2730,3671,3639,3611,3234,3203,3217,3205
2046,2059,2084,2065,2737,3630,3651,3618,3212,3193,3207,3233
2065,2083,2064,2053,2717,3717,3463,3633,3217,3194,3210,3203
2047,2058,2099,2046,2726,3783,3727,3601,3207,3214,3210,3203
2046,2059,2065,2063,2711,3690,3647,3605,3227,3185,3228,3206
2043,2059,2065,2047,2744,3618,3662,3583,3207,3194,3201,3209
2064,2055,2032,2047,2720,3762,3689,3623,3213,3247,3230,3206
2045,2058,2063,2054,2730,3607,3691,3638,3213,3193,3202,3204
2043,2057,2069,2053,2762,3653,3649,3583,3209,3194,3230,3216
2039,2055,2063,2054,2737,3690,3698,3632,3207,3202,3209,3213
2042,2058,2064,2061,2725,3666,3703,3664,3191,3201,3232,3214
2046,2073,2178,2055,2768,3721,3674,3583,3207,3230,3202,3200
2042,2047,2032,2046,2722,3664,3659,3631,3213,3193,3216,3195
2047,2079,2064,2075,2763,3647,3685,3603,3213,3190,3213,3221
2047,2058,2064,2079,2717,3648,3645,3583,3211,3214,3215,3206
2045,2061,2063,2071,2720,3625,3665,3578,3210,3187,3214,3199
2043,2059,2062,2054,2781,3648,3677,3619,3214,3194,3213,3205
2045,2066,2091,2047,2757,3699,3679,3632,3213,3200,3203,3221
2045,2055,2075,2064,2723,3602,3683,3559,3216,3212,3199,3200
2047,2057,2064,2045,2739,3676,3671,3583,3227,3195,3200,3204
2042,2046,2075,2045,2723,3726,3708,3643,3214,4051,3198,3216
2101,2065,2065,2045,2738,3671,3690,3650,3211,3194,3205,3213
2064,2053,2079,2046,2759,3664,3669,3601,3206,3193,3204,3211
2046,2054,2065,2045,2705,3699,3662,3648,3234,3187,3223,3203
2055,2053,2064,2053,2739,3614,3663,3630,3213,3194,3201,3223
2064,2057,2095,2046,2767,3614,3630,3597,3211,3189,3209,3200
2077,2047,2063,2052,2741,3652,3632,3618,3207,3209,3207,3220
2047,2055,2061,2077,2706,3629,3694,3568,3210,3198,3213,3205
2057,2059,2064,2054,2766,3691,3623,3567,3206,3187,3199,3217
2073,2054,2059,2064,2726,3679,3632,3601,3211,2948,3238,3202
2064,2061,2063,2059,2747,3639,3622,3548,3206,3190,3200,3201
2061,2053,2074,2053,2750,3693,3613,3556,3213,3209,3217,3191
2047,2055,2064,2066,2747,3667,3635,3575,3203,3186,3210,3205
2047,2053,2064,2047,2782,3728,3603,3605,3203,3184,3197,3195
2055,2064,2100,2044,2737,3712,3681,3438,3205,3185,3205,3206
2047,2061,2071,2075,2736,3697,3835,3536,3207,3184,3216,3203
2055,2064,2070,2053,2774,3663,3601,3583,3202,3184,3195,3219
2054,2047,2077,2039,2739,3713,3701,3606,3207,3188,3238,3200
2055,2057,2067,2059,2763,3618,3693,3611,3205,3194,3197,3205
2047,2064,2062,2046,2815,3667,3673,3565,3203,3191,3201,3216
2047,2061,2059,2045,2751,3710,3661,3664,3121,3184,3206,3206
2063,2055,2062,2068,2755,3613,3713,3571,3206,3198,3210,3184
2044,2061,2062,2047,2790,3696,3613,3608,3233,3190,3214,3194
2062,2058,2086,2045,2781,3726,3664,3629,3202,3189,3197,3191
2058,2064,2070,2080,2740,3645,3671,3607,3200,3185,3203,3202
2064,2037,2064,2043,2752,3738,3675,3632,3200,3191,3200,3197
2045,2045,2065,2064,2767,3661,3663,3559,3227,3199,3206,3205
2082,2063,2068,2071,2748,3723,3662,3602,3200,3191,3205,3220
2069,2061,2067,2034,2769,3696,3670,3555,3206,3187,3146,3184
2077,2069,2074,2045,2782,3846,3660,3604,3205,3202,3205,3215
2045,2045,2058,2047,2717,3723,3652,3559,3216,3199,3203,3199
2044,2064,2079,2061,2739,3711,3719,3614,3205,3188,3211,3204
2059,2055,2087,2081,2740,3691,3684,3713,3201,3189,3205,3197
2041,2055,2081,2062,2710,3691,3664,3582,3202,3191,3200,3207
2057,2046,2089,2045,2753,3779,3710,3691,3207,3203,3232,3202
2045,2086,2063,2057,2731,3662,3696,3603,3200,3187,3222,3209
2064,2053,2065,2053,2752,3662,3691,3565,3199,3189,3232,3190
2105,2047,2059,2054,2770,3715,3667,3583,3201,3183,3232,3199
2054,2057,2058,2073,2746,3642,3756,3600,3204,3189,3200,3194
2047,2055,2067,2043,2734,3751,3648,3632,3201,3741,3200,3216
2064,2045,2070,2047,2766,3681,3649,3583,3202,3188,3207,3198
2047,2071,2064,2062,2762,3803,3630,3565,3202,3189,3201,3187
2061,2041,2058,2058,2749,3664,3619,3583,3201,3187,3226,3193
2047,2069,2055,2035,2743,3613,3648,3575,3203,3189,3231,3191
2070,2055,2044,2062,2766,3727,3632,3658,3205,3184,3241,3213
2045,2046,2063,2046,2591,3723,3643,3583,3201,3185,3227,3191
2037,2063,2081,2005,2719,3695,3701,3531,3203,3192,3214,3216
2065,2062,2059,2043,2792,3668,3669,3639,3200,3186,3227,3216
2054,2053,2094,2039,2723,3715,3685,3613,3203,3189,3226,3206
2053,2065,2081,2031,2736,3655,3685,3651,3235,3179,3216,3191
2074,2064,2064,2053,2757,3740,3668,3627,3209,3182,3215,3226
2059,2045,2095,2043,2719,3771,3665,3610,3188,3189,3242,3197
2063,2039,2062,2059,2736,3679,3623,3671,3201,3177,3239,3193
2055,2045,2065,2055,2791,3709,3631,3665,3214,3216,3216,3202
2071,2069,2064,2054,2727,3766,3635,3621,3202,3190,3238,3188
2043,2064,2061,2066,2730,3649,3679,3615,3200,3214,3228,3198
2061,2053,2067,2054,2768,3771,3669,3661,3204,3195,3230,3201
2047,2064,2058,2060,2715,3706,3661,3604,3218,3216,3238,3198
2044,2045,2057,2074,2758,3714,3683,3678,3213,3197,3221,3210
2053,2047,2059,2053,2768,3675,3665,3683,3203,3200,3217,3199
2055,2063,2057,2043,2732,3632,3472,3635,3212,3200,3218,3189
2058,2071,2067,2063,2774,3708,3730,3635,3202,3214,3217,3181
2047,2057,2079,2047,2738,3738,3711,3583,3202,3197,3222,3173
2047,2055,2063,2068,2724,3676,3667,3571,3202,3197,3220,3173
2071,2053,2063,2043,2768,3726,3693,3626,3213,3203,3214,3188
2047,2045,2064,2043,2733,3713,3713,3619,3219,3213,3279,3175
2046,2065,2056,2055,2752,3583,3633,3667,3201,3198,3189,3179
2074,2054,2054,2047,2785,3728,3673,3686,3211,3209,3216,3203
2063,2054,2061,2042,2726,3743,3642,3614,3202,3199,3257,3186
2059,2054,2057,2085,2723,3696,3668,3606,3201,3199,3216,3172
2059,2075,2051,2045,2810,3699,3651,3673,3203,3190,3213,3175
2047,2054,2054,2037,2757,3664,3648,3611,3210,3216,3210,3189
2060,2067,2058,2078,2773,3711,3679,3635,3243,3250,3216,3195
2078,2046,2057,2054,2773,3628,3659,3646,3200,3200,3221,3178
2042,2047,2053,2046,2749,3670,3655,3633,3203,3205,3213,3177
2041,2047,2055,2064,2780,3728,3683,3664,3203,3206,3223,3184
2063,2058,2064,2045,2720,3738,3636,3638,3206,3215,3205,3175
2047,2047,2069,2045,2715,3716,3637,3662,3197,3185,3210,3184
2041,2054,2058,2054,2751,3686,3648,3726,3203,3213,3263,3184
2046,2061,2073,2052,2717,3748,3709,3659,3201,3195,3264,3184
2043,2067,2070,2064,2736,3749,3702,3679,3214,3200,3200,3211
2058,2047,2061,2033,2782,3705,3631,3702,3201,3205,3398,3187
2045,2074,2096,2059,2733,3726,3669,3658,3201,3191,3186,3170
2042,2079,2061,2077,2743,3679,3743,3685,3201,3194,3209,3181
2064,2081,2057,2057,2780,3725,3729,3685,3201,3207,3150,3172
2047,2071,2066,2044,2719,3735,3660,3633,3215,3131,3102,3201
2064,2047,2058,2093,2741,3779,3696,3637,3197,3194,3406,3184
2078,2080,2058,2047,2774,3743,3648,3679,3199,3205,3282,3179
2055,2054,2057,2046,2734,3637,3711,3643,3205,3209,2877,3194
2067,2047,2061,2091,2742,3633,3664,3687,3210,3206,3293,3194
2054,2089,2062,2047,2768,3662,3639,3710,3200,3213,3341,3179
2046,2047,2059,2047,2733,3611,3692,3687,3198,3201,3119,3168
2053,2054,2054,2058,2786,3643,3678,3747,3206,3199,3322,3187
2058,2082,2060,2054,2747,3708,3735,3662,3200,3200,2927,3182
2045,2054,2079,2047,2719,3677,3703,3682,3197,3218,3136,3169
2077,2061,2064,2065,2737,3716,3654,3700,3211,3193,3282,3184
2044,2063,2071,2046,2711,3816,3696,3662,3205,3190,3339,3172
2073,2065,2075,2064,2702,3711,3730,3697,3198,3190,3188,3175
2058,2061,2061,2061,2736,3771,3703,3715,3194,3193,3213,3175
2047,2064,2071,2047,2704,3823,3632,3679,3120,3203,3193,3162
2065,2055,2063,2058,2721,3791,3744,3680,3190,3195,3226,3169
2047,2061,2054,2058,2764,3707,3680,3734,3193,3192,3235,3175
2045,2062,2071,2054,2732,3732,3662,3662,3209,3187,3216,3167
2066,2045,2059,2064,2723,3728,3963,3710,3200,3187,3223,3171
2059,2110,2059,2080,2757,3725,3639,3703,3191,3191,3243,3180
2043,2061,2060,2070,2719,3728,3654,3658,3185,3195,3190,3189
2064,2045,2061,2070,2746,3653,3746,3692,3189,3190,3216,3172
2070,2045,2059,2063,2725,3733,3650,3711,3190,3199,3228,3157
2047,2055,2060,2055,2707,3677,3625,3696,3196,3195,3229,3161
2079,2045,2055,2065,2735,3716,3669,3715,3211,3197,3235,3171
2047,2046,2067,2058,2729,3737,3691,3697,3198,3195,3242,3169
2047,2039,2078,2074,2698,3670,3647,3727,3216,3199,3219,3170
2067,2047,2067,2063,2750,3691,3646,3741,3226,3199,3183,3162
2064,2071,2090,2055,2736,3773,3717,3648,3195,3200,3237,3162
2057,2059,2075,2077,2745,3715,3653,3699,3207,3205,3213,3152
2045,2112,2058,2075,2793,3707,3696,3685,3187,3198,3216,3170
2039,2060,2068,2064,2734,3742,3646,3646,3215,3210,3226,3146
2066,2065,2059,2054,2743,3763,3649,3690,3194,3233,3225,3157
2043,2119,2058,2084,2795,3742,3621,3698,3190,3213,3237,3152
2037,2064,2071,2057,2749,3718,3670,3632,3213,3199,3230,3150
2057,2045,2058,2047,2803,3702,3775,3667,3209,3199,3218,3167
2070,2047,2066,2064,2811,3755,3667,3686,3214,3195,3209,3147
2042,2054,2057,2054,2736,3699,3675,3650,2992,3205,3219,3157
2062,2144,2083,2065,2797,3665,3742,3689,3206,3199,3251,3151
2059,2042,2081,2061,2798,3758,3702,3664,3203,3213,3211,3143
2047,2063,2055,2053,2723,3681,3664,3651,3206,3199,3222,3152
2074,2039,2061,2064,2771,3714,3614,3715,3225,3193,3216,3147
2041,2055,2065,2046,2774,3753,3738,3663,3207,3194,3216,3141
2043,2039,2055,2067,2773,3664,3677,3712,3234,3193,3215,3146
2063,2043,2062,2069,2796,3681,3693,3664,3202,3188,3218,3145
2039,2055,2073,2042,2785,3735,3657,3648,3204,3216,3221,3169
2061,2061,2074,2074,2767,3725,3709,3663,3216,3185,3211,3146
2054,2047,2068,2089,2801,3702,3700,3696,3184,3230,3241,3151
2039,2067,2063,2041,2755,3696,3645,3664,3229,3191,3213,3139
2058,2066,1982,2047,2735,3729,3714,3697,3205,3172,3216,3155
2042,2042,2054,2073,2800,3723,3664,3679,3202,3184,3234,3152
2047,2064,2058,2041,2753,3682,3695,3635,3200,3199,3217,3155
2047,2047,2058,2045,2775,3670,3797,3683,3216,3217,3205,3160
2061,2043,2057,2064,2790,3735,3668,3677,3206,3214,3221,3148
2043,2073,2047,2043,2767,3648,3650,3649,3205,3231,3206,3152
2058,2043,2061,2065,2773,3696,3738,3678,3200,3408,3215,3152
2047,2046,2054,2059,2774,3742,3728,3667,3214,3226,3214,3148
2044,2058,2054,2039,2781,3696,3679,3693,3202,3200,3216,3143
2058,2043,2074,2055,2775,3673,3648,3695,3205,3217,3214,3145
2038,2043,2059,2038,2757,3739,3681,3653,3203,3216,3210,3145
2046,2092,2065,2046,2761,3728,3631,3722,3213,3219,3213,3150
2073,2053,2064,2073,2824,3711,3674,3751,3202,3221,3227,3145
2034,2064,2062,2053,2758,3755,3667,3698,3202,3219,3209,3151
2037,2055,2075,2046,2781,3747,3692,3683,3200,3249,3236,3154
2037,2045,2062,2070,2829,3727,3680,3728,3213,3227,3209,3151
2033,2134,2058,2038,2774,3776,3655,3689,3201,3234,3234,3147
2064,2037,2064,2039,2814,3698,3733,3693,3203,3231,3218,3166
2038,2045,2059,2066,2822,3833,3664,3700,3200,3234,3227,3154
2074,2081,2055,2044,2782,3723,3786,3657,3212,3231,3237,3153
2074,2046,2074,2059,2784,3681,3728,3675,3199,3230,3214,3165
2059,2044,2054,2070,2804,3745,3669,3664,3203,3230,3232,3155
2032,2071,2054,2042,2761,3697,3667,3651,3218,3226,3215,3167
2066,2047,2067,2053,2747,3684,3710,3686,3201,3241,3213,3153
2047,2063,2054,2057,2749,3742,3665,3662,3206,3231,3211,3206
2030,2061,2047,2039,2745,3763,3703,3679,3194,3231,3210,3155
2047,2045,2064,2062,2781,3942,3714,3717,3229,3246,3220,3174
2031,2047,2046,2038,2747,3824,3741,3663,3202,3230,3203,3153
2039,2069,2071,2057,2736,3824,3674,3686,3199,3222,3218,3154
2030,2042,2054,2053,2782,3807,3727,3664,3200,3238,3210,3177
2026,2063,2053,2043,2775,3797,3642,3718,3216,3249,3205,3166
2040,2047,2064,2038,2773,3801,3689,3650,3201,3226,3216,3162
2027,2029,2047,2063,2800,3809,3683,3691,3199,3229,3216,3173
2039,2066,2053,2034,2762,3761,3703,3634,3201,3239,3219,3152
2031,2041,2047,2036,2795,3754,3727,3687,3217,3248,3209,3153
2025,2041,2063,2053,2800,3839,3728,3670,3199,3223,3218,3155
2032,2064,2076,2035,2759,3737,3653,3632,3201,3229,3246,3174
2064,2043,2057,2039,2789,3760,3731,3713,3201,3219,3206,3157
2046,2047,2058,2064,2800,3853,3682,3634,3216,3218,3225,3170
2035,2047,2069,2017,2763,3765,3664,3666,3197,3218,3211,3170
2031,2043,2064,2062,2768,3791,3675,3709,3196,3229,3202,3171
2038,2047,2059,2064,2799,3835,3662,3649,3198,3227,3206,3178
2046,2043,2107,2044,2765,3822,3649,3671,3197,3232,3202,3158
2031,2043,2081,2053,2779,3778,3664,3659,3203,3232,3213,3169
2039,2059,2060,2064,2786,3771,3639,3651,3195,3248,3216,3167
2044,2064,2078,2063,2773,3746,3724,3614,3219,3229,3235,3161
2015,2044,2067,2068,2785,3771,3735,3687,3199,3239,3207,3178
2029,2047,2059,2046,2779,3706,3713,3631,3198,3071,3214,3166
2030,2074,2078,2079,2769,3735,3728,3682,3207,3204,3204,3171
2032,2043,2070,2079,2781,3645,3648,3731,3210,3222,3213,3171
2038,2062,2058,2047,2771,3722,3718,3637,3203,3216,3211,3158
2037,2038,2035,2047,2775,3719,3735,3677,3195,3227,3209,3163
2055,2054,2061,2078,2774,3728,3638,3695,3200,3223,3219,3171
2047,2070,2055,2046,2739,3698,3712,3669,3211,3225,3210,3172
2031,2043,2067,2061,2721,3743,3759,3702,3167,3203,3223,3167
2042,2047,2059,2054,2777,3741,3745,3651,3205,3207,3248,3165
2041,2045,2054,2047,2767,3763,3679,3690,3196,3204,3226,3174
2033,2058,2064,2064,2774,3697,3763,3759,3205,3259,3217,3163
2017,2059,2047,2046,2824,3543,3745,3699,3195,3230,3216,3174
2055,2045,2053,2046,2786,3712,3701,3627,3189,3254,3210,3164
2031,2069,2077,1877,2807,3729,3769,3738,3207,3236,3215,3173
2027,2064,2054,2047,2838,3662,3689,3635,3215,3247,3207,3169
2026,2061,2066,2065,2791,3677,3747,3657,3211,3248,3156,3159
2026,2061,2095,2044,2815,3767,3691,3728,3184,3259,3205,3160
2044,2047,2067,2041,2808,3670,3654,3647,3184,3248,3216,3164
2033,2061,2066,2073,2780,3708,3663,3670,3189,3248,3206,3158
2065,2047,2064,2039,2775,3760,3691,3732,3187,3248,3205,3173
2033,2070,2055,2041,2819,3698,3642,3675,3216,3241,3209,3154
2029,2058,2063,2064,2832,3743,3698,3707,3216,3236,3211,3163
2037,2058,2055,2043,2827,3774,3664,3728,3217,3234,3205,3159
2037,2069,2047,2045,2817,3781,3645,3698,3200,3238,3270,3173
2022,2058,2046,2065,2801,3750,3726,3669,3197,3236,3202,3151
2070,2066,2064,2045,2834,3729,3706,3671,3195,3248,3216,3149
2054,2043,2043,2047,2779,3792,3739,3646,3195,3227,3248,3173
2029,2045,2061,2062,2790,3754,3713,3714,3201,3247,3209,3153
2013,2064,2053,2045,2765,3787,3668,3664,3203,3235,3240,3149
2045,2069,2056,2060,2753,3717,3694,3633,3222,3253,3213,3147
2027,2042,2079,2044,2785,3803,3747,3726,3199,3238,3209,3152
2014,2074,2047,2061,2803,3778,3647,3664,3223,3248,3211,3161
2015,2074,2075,2066,2786,3709,3667,3625,3195,3229,3243,3151
2010,2046,2092,2046,2810,3763,3725,3695,3216,3242,3228,3167
2039,2080,2057,2047,2790,3691,3649,3616,3197,3234,3207,3152
2041,2062,2086,2078,2806,3670,3702,3661,3205,3248,3205,3171
2025,2047,2059,2043,2797,3734,3654,3676,3197,3235,3201,3158
2030,2085,2063,2046,2768,3726,3654,3630,3216,3237,3216,3159
2023,2058,2061,2071,2783,3728,3701,3657,3198,3235,3207,3151
2034,2055,2060,2077,2813,3631,3780,3637,3200,3247,3211,3160
2045,2043,2058,2043,2795,3709,3725,3615,3197,3232,3213,3152
2037,2057,2059,1744,2773,3683,3765,3703,3200,3226,3213,3152
2033,2056,2079,2043,2795,3697,3705,3638,3195,3222,3205,3127
2047,2047,2057,2038,2794,3703,3702,3621,3197,3227,3206,3171
2034,2066,2065,2059,2791,3682,3754,3680,3214,3221,3219,3183
2030,2065,2069,2039,2814,3627,3626,3660,3205,3187,3206,3172
2047,2064,2043,2045,2774,3687,3658,3632,3199,3200,3207,3164
2014,2055,2067,2037,2800,3728,3712,3710,3216,3195,3207,3184
2022,2064,2053,2036,2755,3685,3649,3648,3205,3218,3207,3163
2026,2061,1871,2079,2800,3747,3648,3639,3197,3187,3274,3161
2013,2047,2064,2032,2828,3805,3748,3697,3197,3200,3205,3186
2025,2069,2059,2034,2783,3750,3757,3663,3194,3184,3261,3158
2032,2032,2066,2045,2800,3767,3789,3660,3228,3191,4003,3157
2030,2063,2053,2033,2813,3769,3711,3683,3195,3180,3206,3153
2023,2061,2053,2046,2761,3813,3683,3693,3197,3189,3247,3147
2038,2058,2081,2028,2775,3709,3713,3717,3197,3184,3225,3152
2032,2046,2058,2033,2781,3707,3761,3729,3234,3193,3205,3169
2032,2058,2060,2032,2789,3775,3741,3674,3203,3184,3212,3105
2027,2066,2087,2032,2769,3665,3703,3728,3195,3195,3226,3157
2027,2076,2063,2032,2816,3733,3728,3696,3198,3184,3197,3175
2031,2063,2047,2032,2791,3760,3743,3713,3214,3184,3205,3194
2015,2053,2064,2039,2799,3743,3685,3838,3195,3201,3207,3367
2047,2065,2055,2003,2784,3663,3731,3713,3197,3211,3206,3172
2023,2064,2053,2055,2800,3675,3747,3691,3181,3225,3206,3171
2016,2043,2062,2033,2823,4095,3723,3728,3198,3213,3205,3170
2032,2066,2045,2032,2786,3712,3755,3718,3198,3216,3210,3163
2064,2064,2062,2059,2801,3702,3776,3679,3198,3216,3215,3187
2038,2054,2067,2032,2829,3671,3698,3751,3203,3216,3203,3167
2037,2063,2061,2032,2583,3728,3776,3723,3195,3218,3204,3167
2034,2053,2058,2046,2816,3682,3756,3670,3198,3229,3211,3155
2029,2045,2064,2032,2774,3751,3707,3712,3197,3223,3219,3178
2128,2067,2054,2055,2768,3716,3708,3659,3207,3269,3211,3169
2013,2057,2072,2032,2803,3682,3805,3709,3216,3222,3207,3165
2006,2062,2047,2032,2752,3792,3790,3710,3190,3228,3207,3175
2029,2055,2057,2001,2742,3637,3692,3671,3212,3214,3230,3163
2041,2058,2096,2039,2789,3698,3733,3723,3201,3221,3211,3162
2027,2085,2064,2047,2757,3696,3732,3690,3191,3206,3206,3168
2013,2062,2055,2033,2766,3687,3714,3651,3202,3225,3229,3163
2031,2058,2055,2035,2787,3708,3698,3728,3200,3205,3172,3161
2032,2091,2045,2036,2743,3696,3687,3741,3206,3215,3209,3166
2037,2071,2047,2060,2796,3702,3733,3674,3203,3202,3211,3161
2032,2046,2047,2039,2759,3717,3679,3771,3193,3215,3213,3163
2035,2079,2054,2043,2754,3658,3653,3696,3215,3199,3205,3162
2036,2046,2064,2058,2800,3647,3723,3686,3230,3200,3209,3161
2037,2060,2055,2046,2791,3729,3651,3734,3191,3200,3197,3229
2027,2064,2047,2038,2781,3719,3685,3675,3200,3201,2958,3159
2051,2054,2060,2062,2813,3715,3728,3725,3200,3198,3215,3172
2042,2055,2045,2036,2767,3738,3687,3707,3193,3190,3210,3154
2032,2064,2047,2057,2763,3693,3715,3648,3193,3192,3215,3153
2063,2057,2075,2043,2805,3698,3726,3679,3200,3194,3227,3155
2041,2057,2047,2053,2769,3702,3695,3651,3189,3209,3151,3155
2027,2054,2059,2041,2771,3687,3764,3649,3204,3200,3203,3154
2032,2057,2094,2059,2791,3690,3757,3728,3203,3205,3186,3154
2062,2064,2054,2058,2766,3671,3696,3658,3187,3214,3217,3166
2043,2067,2058,2034,2770,3679,3654,3653,3211,3227,3255,3179
2030,2047,2055,2053,2784,3725,3678,3745,3202,3211,3210,3170
2029,2082,2053,2042,2774,3661,3622,3696,3216,3218,3202,3184
2032,2081,2054,2054,2830,3671,3698,3687,3205,3213,3221,3158
2032,2060,2056,2042,2802,3728,3669,3746,3189,3215,3210,3175
2031,2061,2055,2042,2795,3710,3696,3627,3200,3218,3205,3317
2037,2058,2064,2047,2849,3671,3733,3662,3230,3214,3206,3171
2043,2071,2047,2032,2803,3737,3739,3687,3191,3230,3184,3152
2029,2064,2054,2031,2755,3732,3698,3630,3190,3207,3205,3167
2047,2066,2064,2055,2770,3671,3705,3663,3202,3207,3203,3175
2027,2080,2046,2034,2775,3715,3742,3647,3187,3225,3216,3167
2028,2066,2055,2038,2736,3675,3682,3616,3189,3202,3209,3152
2055,2064,2071,2064,2780,3675,3611,3688,3205,3216,3211,3162
2026,2085,2045,2045,2645,3711,3615,3653,3187,3209,3201,3156
2032,2064,2059,2028,2800,3687,3697,3614,3191,3179,3205,3166
2032,2083,2093,1925,2725,3731,3699,3619,3197,3187,3205,3151
2215,2069,2047,2046,2755,3696,3699,3647,3191,3185,3217,3189
2047,2067,2047,2038,2785,3706,3731,3622,3185,3181,3223,3178
2043,2057,1981,2031,2798,3733,3696,3701,3200,3174,3215,3194
2032,2065,2045,2059,2749,3698,3536,3609,3202,3179,3202,3181
2032,2064,2046,2077,2831,3638,3674,3621,3197,3178,3205,3168
2055,2065,2054,2034,2768,3776,3770,3619,3185,3179,3216,3195
2058,2058,2046,2035,2777,3792,3817,3571,3189,3181,3214,3165
2039,2119,2045,2069,2803,3673,3710,3681,3200,3178,3306,3152
2043,2062,2044,2083,2781,3711,3707,3579,3184,3201,3204,3171
2033,2067,2047,2042,2749,3667,3659,3641,3184,3186,3202,3158
2035,2055,2064,2038,2801,3667,3583,3677,3213,3184,3206,3172
2044,2067,2046,2032,2765,3691,3605,3622,3189,3194,3205,3165
2031,2055,2038,2032,2767,3695,3707,3583,3200,3189,3202,3175
2035,2064,2082,2035,2805,3712,3649,3682,3206,3184,3264,3163
2030,2064,2045,2038,2739,3664,3676,3650,3184,3202,3203,3159
2032,2074,2046,2045,2793,3668,3696,3641,3195,3184,3205,3163
2047,2047,2075,2047,2762,3728,3661,3677,3195,3188,3207,3178
2032,2069,2046,2059,2773,3683,3664,3718,3184,3178,3201,3178
2032,2063,2053,2047,2838,3685,3663,3663,3184,3186,3206,3182
2037,2046,2047,2064,2768,3731,3676,3610,3201,3190,3221,3186
2032,2067,2055,2041,2774,3693,3679,3615,3194,3191,3200,3184
2035,2058,2045,2043,2823,3666,3643,3637,3191,3199,3201,3189
2061,2064,2058,2035,2770,3753,3645,3612,3184,3184,3201,3195
2036,2062,2053,2035,2762,3711,3652,3631,3234,3183,3206,3175
2041,2058,2061,2077,2805,3658,4095,3646,3200,3189,3218,3171
2058,2089,2055,2032,2766,3685,3632,3632,3184,3197,3207,3186
2036,2058,2055,2041,2767,3611,3614,3618,3186,3187,3207,3171
2045,2058,2076,2064,2836,3633,3632,3685,3199,3181,3201,3183
2046,2078,2058,2032,2768,3703,3643,3647,3203,3194,3215,3182
2055,2054,2047,2018,2783,3841,3632,3600,3188,3189,3216,3172
2032,2052,2080,2018,2810,3695,3637,3635,3239,3191,3206,3183
2032,2069,2046,2004,2786,3664,3618,3634,3197,3216,3207,3173
2054,2061,2032,2019,2819,3648,3696,3653,3201,3227,3210,3174
2051,2055,2047,2000,2797,3694,3637,3621,3215,3201,3221,3167
2032,2077,2047,2000,2791,3743,3706,3566,3199,3216,3203,3193
2032,2078,2047,2009,2802,3653,3740,3630,3201,3200,3201,3181
2032,2061,2064,2023,2792,3731,3697,3600,3209,3200,3200,3184
2032,2074,2047,2015,2782,3715,3641,3580,3197,3200,3203,3175
2047,2055,2054,2044,2813,3700,3690,3627,3194,3203,3204,3177
2041,2073,2047,2013,2769,3723,3708,3583,3225,3213,3201,3200
2031,2058,2047,2107,2791,3693,3701,3600,3213,3197,3201,3233
2032,2063,2061,2031,2850,3677,3687,3669,3187,3211,3202,3179
2045,2073,2045,2015,2802,3713,3665,3648,3218,3194,3203,3184
2033,2059,2047,2009,2811,3638,3679,3579,3204,3198,3222,3184
2059,2059,2067,2011,2839,3657,3643,3648,3210,3183,3205,3171
2034,2082,2047,2021,2800,3652,3632,3664,3195,3196,3203,3168
2036,2103,2055,2008,2800,3665,3677,3621,3193,3205,3212,3196
2059,2057,2065,2032,2795,3675,3625,3650,3202,3193,3237,3177
2034,2071,2053,2013,2800,3681,3634,3577,3182,3196,3248,3171
2036,2069,2062,2010,2834,3659,3697,3614,3197,3199,3200,3177
2044,2055,2075,2023,2786,3715,3732,3610,3216,3187,3207,3170
2033,2064,2047,2011,2790,3709,3653,3583,3196,3208,3205,3194
2035,2059,2065,2014,2811,3679,3723,3583,3191,3187,3211,3169
2053,2058,2047,2012,2797,3727,3728,3600,3202,3201,3201,3198
2037,2062,2046,2031,2767,3750,3634,3583,3194,3203,3202,3185
2038,2056,2053,2028,2834,3679,3709,3632,3190,3195,3202,3171
2059,2064,2055,2055,2771,3767,3695,3663,3231,3200,3213,3180
2037,2058,2047,2010,2768,3650,3646,3575,3211,3191,3203,3170
2102,2064,2063,2030,2802,3681,3654,3651,3200,3187,3223,3174
2064,2075,2057,2005,2759,3747,3632,3674,3231,3194,3203,3169
2043,2059,2053,2005,2779,3717,3645,3598,3207,3187,3203,3170
2061,2057,2077,2023,2787,3723,3676,3677,3199,3187,3205,3180
2037,2094,2053,2025,2793,3741,3668,3583,3206,3187,3207,3171
2029,2185,2053,2000,2803,3674,3675,3638,3203,3190,3206,3163
2047,2061,2075,2031,2799,3679,3674,3654,3216,3202,3203,3164
2035,2078,2052,2011,2778,3706,3456,3583,3206,3207,3210,3166
2037,2083,2053,2026,2819,3723,3695,3598,3197,3191,3202,3167
2039,2055,2074,2007,2779,3721,3712,3630,3216,3250,3200,3169
2039,2063,2064,2031,2781,3767,3650,3597,3200,3205,3202,3184
2044,2057,2047,2015,2822,3709,3679,3648,3195,3211,3216,3159
2047,2058,2068,1885,2790,3762,3696,3583,3212,3213,3207,3183
2041,2075,2060,2002,2799,3691,3664,3616,3239,3188,3223,3200
2062,2053,2045,2003,2818,3691,3687,3664,3203,3200,3215,3174
2060,2058,2062,2031,2774,3793,3667,3667,3203,3189,3203,3196
2041,2064,2075,2071,2778,3717,3687,3691,,3191,3203,3174
2047,2054,2078,2007,2832,3743,3654,3683,,3197,3237,3173
2041,2058,2076,2010,2804,3723,3671,3635,,3200,3222,3182
2053,2053,2047,2001,2819,3686,3753,3664,,3190,3203,3166
2058,2054,2064,2001,2791,3687,3693,3664,,3213,3200,3163
2041,2057,2079,2017,2769,3728,3665,3612,,3186,3217,3194
2007,2063,2055,2002,2832,3683,3756,3650,,3186,3233,3161
2056,2047,2047,2016,2783,3729,3749,3649,,3199,3233,3167
2039,2061,2055,2018,2803,3760,3671,3635,,3200,3200,3183
2035,2071,2047,2026,2821,3690,3697,3669,,3184,3201,3174
2038,2047,2064,2015,2802,3717,3730,3601,,3210,3205,3167
2042,2064,2060,2016,2777,3744,3691,3626,,3199,3203,3168
2037,2034,2047,2025,2836,3728,3722,3664,,3198,3201,3171
2097,2062,2084,2032,2801,3713,3693,3625,,3199,3207,3169
2038,2066,2045,1981,2778,3679,3704,3636,,3198,3204,3186
2039,2059,2045,2019,2830,3745,3727,3662,,3191,3203,3168
2058,2064,2076,2036,2782,3682,3707,3655,,3207,3206,3172
2043,2060,2055,2036,2785,3705,3717,3655,,3189,3209,3185
2064,2059,2064,2025,2847,3803,3677,3633,,3210,3200,3170
2044,2059,2075,2037,2805,3701,3679,3583,,3190,3200,3168
2043,2090,2062,2031,2831,3659,3728,3626,,3186,3205,3163
2074,2058,2061,2042,2835,3781,3679,3615,,3216,3220,3178
2043,2065,2077,2042,2785,3713,3679,3622,,3195,3200,3186
2057,2064,2045,2030,2827,3776,3725,3616,,3188,3202,3110
2069,2053,2045,2054,2791,3745,3718,3583,,3200,3199,3159
2062,2082,2047,2053,2787,3719,3669,3577,,3187,3230,3165
2061,2055,2046,2030,2811,3713,3712,3664,,3191,3200,3165
2055,2064,2047,2039,2803,3677,3671,3680,,3267,3202,3169
2071,2075,2047,2023,2807,3731,3685,3627,,3213,3215,3165
2060,2056,2047,2032,2834,3738,3651,3666,,3190,3203,3165
2065,2047,2055,2018,2773,3738,3664,3667,,3209,3211,3182
2045,2063,2047,2017,2795,3729,3658,3648,,3202,3218,3177
2059,2047,2032,2019,2850,3776,3643,3641,,3197,3205,3163
2057,2061,2075,2047,2807,3734,3635,3595,,3200,3211,3190
2047,2054,2053,2024,2844,3728,3667,3648,,3191,3216,3181
2065,2063,2065,2027,2843,3823,3649,3635,,3190,3203,3167
2046,2085,2074,2037,2797,3728,3639,3600,,3199,3237,3171
2034,2075,2046,2032,2863,3696,3664,3658,,3194,3202,3170
2044,2047,2055,2043,2822,3741,3685,3583,,3189,3210,3169
2035,2081,2057,2062,2827,3744,3652,3660,,3186,3218,3174
2053,2066,2052,2039,2822,3712,3651,3664,,3189,2978,3213
2054,2059,2046,2062,2801,3711,3698,3648,,3205,3209,3230
2045,2080,2047,2066,2794,3760,3625,3634,,3190,3202,3171
2047,2047,2047,2034,2841,4051,3622,3686,,3195,3216,3169
2046,2055,2047,2039,2787,3819,3670,3655,,3202,3200,3175
2046,2069,2047,2047,2815,3698,3661,3686,,3217,3207,3166
2046,2058,2059,2037,2832,3735,3639,3627,,3191,3199,3170
2080,2055,2065,2032,2804,3728,3666,3617,,3209,3206,3165
2047,2064,2047,2054,2813,3666,3664,3689,,3216,3215,3189
2060,2055,2047,2035,2845,3758,3630,3671,,3193,3203,3183
2067,2071,2084,2046,2832,3667,3631,3634,,3216,3200,3167
2063,2047,2047,2059,2850,3721,3686,3666,,3189,3213,3185
2059,2053,2064,2042,2865,3725,3714,3617,,3189,3203,3171
2052,2064,2071,2047,2811,3747,3648,3641,,3220,3205,3166
2064,2066,2054,2032,2863,3671,3762,3680,,3195,3203,3174
2064,2058,2061,2061,2845,3745,3733,3600,,3192,3202,3178
2053,2074,2053,2150,2794,3770,3705,3633,,3200,3202,3168
2078,2073,2065,2037,2832,3738,3697,3681,,3194,3202,3159
2046,2058,2070,2054,2848,3775,3742,3676,,3258,3203,3161
2063,2094,2079,2046,2812,3703,3679,3547,,3190,3201,3158
2067,2060,2063,2031,2817,3699,3696,3626,,3191,3201,3170
2064,2058,2055,2027,2823,3731,3729,3618,,3203,3200,3170
2058,2065,2078,2034,2816,3728,3696,3685,,3215,3201,3163
2069,2057,2053,2033,2842,3681,3729,3611,,3195,3229,2950
2068,2059,2064,2029,2847,3713,3696,3637,,3202,3223,3167
2056,2059,2072,2038,2853,3675,3708,3683,,3197,3200,3178
2064,2061,2047,2028,2858,3687,3642,3583,,3189,3241,3181
2075,2058,2064,2026,2806,3671,3664,3635,,3226,3211,3152
2063,2081,2064,2023,2842,3733,3740,3648,,3190,3200,3167
2067,2064,2058,2021,2866,3762,3752,3582,,3186,3193,3166
2061,2069,2068,2026,2866,3739,3702,3619,,3213,3223,3169
2081,2068,2044,1882,2819,3696,3726,3643,,3188,3200,3175
2063,2059,2054,2019,2869,3737,3754,3631,,3186,3201,3184
2060,2085,2073,2026,2847,3701,3669,3686,,3200,3201,3164
2081,2059,2047,2029,2827,3699,3629,3622,,3169,3220,3184
2061,2070,2047,2035,2854,3757,3695,3611,,3191,3202,3167
2064,2087,2074,2026,2846,3690,3679,3698,,3185,3199,3166
2080,2059,2047,2016,2869,3663,3488,3598,,3184,3200,3169
2056,2071,1983,2064,2903,3726,3638,3627,,3199,3207,3183
2057,2062,2054,2032,2829,3683,3631,3631,,3205,3199,3166
2064,2068,2055,2014,2814,3700,3675,3583,,3165,3200,3174
2075,2058,2065,2012,2878,3711,3707,3661,,3185,3198,3183
2066,2061,2047,2016,2879,3679,3679,3634,,3200,3241,3161
2056,2055,2045,2007,2844,3697,3658,3583,,3187,3252,3165
2064,2057,2071,2004,2849,3728,3727,3686,,3197,3215,3184
2047,2077,2047,2001,2809,3696,3675,3655,,3183,3214,3170
2045,2057,2064,2007,2821,3720,3699,3632,,3179,3216,3168
2068,2069,2071,1998,2838,3745,3707,3726,,3184,3213,3196
2061,1920,2045,2001,2819,3668,3647,3677,,3211,3211,3167
2063,2073,2080,2025,2861,3724,3762,3632,,3198,3211,3172
2058,2145,2052,2015,2825,3694,3710,3683,,3209,3219,3177
2058,2054,2054,2009,2814,3675,3666,3627,,3198,3215,3184
2039,2084,2053,2047,2855,3773,3763,3583,,3229,3221,3169
2042,2061,2053,2025,2833,3679,3681,3659,,3206,3216,3198
2045,2060,2047,2037,2831,3664,3679,3601,,3205,3216,3168
2042,2057,2069,2022,2837,3697,3759,3617,,3223,3216,3179
2061,2056,2074,2044,2845,3700,3651,3703,,3218,3214,3174
2070,2058,2054,2032,2841,3680,3678,3583,,3216,3233,3179
2074,2054,2085,2032,2864,3709,3710,3660,,3243,3215,3167
2072,2061,2047,2047,2842,3709,3711,3651,,3227,3219,3167
2061,2057,2053,2045,2847,3696,3761,3622,,3219,3211,3184
2066,2068,2087,2042,2845,3729,3752,3559,,3223,3227,3168
2074,2057,2054,2018,2851,3680,3664,3617,,3221,3214,3163
2053,2055,2073,2045,2862,3733,3734,3606,,3216,3215,3154
2058,2055,2065,2033,2832,3699,3695,3711,,3207,3271,3171
2076,2061,2053,1989,2832,3690,3693,3582,,3202,3216,3174
2061,2068,2070,2055,2874,3756,3711,3610,,3213,3216,3168
2060,2064,2047,2017,2816,3742,3695,3664,,3204,3214,3167
2064,2057,2045,2014,2838,3698,3680,3539,,3206,3213,3178
2045,2067,2064,2017,2857,3775,3701,3630,,3234,3235,3165
2064,2057,2046,2014,2889,3707,3654,3635,,3236,3223,3170
2064,2046,2047,2046,2884,3726,3629,3577,,3239,3214,3165
2042,2064,2064,2193,2850,3729,3715,3621,,3225,3220,2896
2053,2060,2047,2416,2864,3680,3663,3631,,3226,3145,3167
2045,2064,2065,2587,2843,3724,3687,3607,,3225,3213,3164
2079,2055,2096,2628,2864,3761,3751,3648,,3238,3213,3205
2076,2066,2047,2647,2837,3725,3683,3621,,3241,3233,3166
2067,2063,2070,2702,2877,3687,3724,3583,,3220,3216,3167
2070,2055,2058,2691,2859,3755,3682,3654,,3231,3215,3170
2063,2064,2053,2691,2820,3701,3697,3603,,3223,3230,3171
2061,2118,2066,2688,2857,3751,3722,3616,,3222,3238,3169
2068,2061,2082,2655,2837,3687,3716,3636,,3203,3223,3165
2080,2069,2047,2545,2831,3735,3663,3600,,3199,3219,3166
2054,2059,2063,2441,2874,3806,3728,3653,,3211,3216,3171
2062,2055,2055,1983,2827,3711,3648,3671,,3199,3216,3169
2076,2046,2046,2291,2854,3699,3681,3601,,3201,3214,3141
2085,2060,2063,2227,2863,3799,3761,3648,,3217,3210,3185
2065,2053,2053,2269,2851,3735,3651,3632,,3203,3213,3168
2063,2056,2057,2302,2845,3672,3648,3632,,3210,3185,3161
2043,2057,2064,2465,2837,3707,3776,3671,,3226,3213,3168
2062,2067,2063,2354,2828,3742,3681,3689,,3237,3216,3165
2081,2061,2053,2353,2861,3670,3685,3605,,3214,3216,3170
2037,2055,2079,2368,2832,3750,3760,3712,,3219,3227,3195
2065,2055,2047,2379,2846,3728,3668,3577,,3211,3211,3169
2056,2070,2067,2351,2861,3825,3700,3600,,3219,3215,3167
2065,2058,2064,2330,2842,3711,3728,3677,,3216,3210,3171
2082,2075,2054,2337,2813,3793,3682,3600,,3220,3248,3165
2066,2096,2071,2315,2864,3819,3712,3631,,3215,3214,3173
2065,2061,2069,2333,2822,3707,3731,3696,,3210,3216,3167
2087,2066,2053,2375,2836,3664,3699,3581,,3206,3216,3174
2064,2059,2045,2259,2864,3758,3757,3680,,3216,3215,3181
2064,2058,2047,2169,2859,3670,3659,3637,,3210,3218,3167
2087,2062,2047,2262,2864,3703,3670,3609,,3206,3215,3173
2069,2061,2059,2234,2863,3682,3822,3663,,3340,3226,3199
2081,2058,2047,2213,2864,3744,3711,3642,,3212,3216,3173
2085,2059,2055,2210,2880,3727,3731,3600,,3214,3216,3191
2078,2061,2056,2191,2840,3744,3743,3686,,3210,3209,3184
2066,2059,2053,2085,2829,3714,3676,3637,,3210,3215,3178
2065,2064,2055,2161,2871,3763,3728,3583,,3210,3210,3167
2082,2061,2064,2149,2862,3781,3710,3715,,3201,3207,3181
2091,2060,2052,2192,2841,3704,3677,3615,,3227,3215,3166
2071,1990,2069,2233,2873,3769,3713,3645,,3211,3221,3167
2055,2091,2064,2287,2860,3701,3722,3661,,3225,3211,3181
2075,2066,2046,2170,2864,3716,3682,3602,,3210,3213,3165
2069,2063,2069,2207,2864,3809,3706,3665,,3213,3212,3170
2053,2062,2071,2162,2877,3735,3722,3635,,3254,3221,3191
2073,2069,2045,2259,2866,3760,3660,3547,,3209,3216,3171
2058,2061,2055,2177,2849,3798,3711,3660,,3207,3212,3170
2055,2064,2059,2416,2864,3710,3628,3647,,3221,3233,3169
2079,2064,2057,2450,2865,3695,3696,3618,,3210,3230,3168
2071,1846,2053,2309,2851,3746,3717,3675,,3205,3215,3171
2079,2063,2054,2355,2821,3681,3695,3568,,3205,3218,3194
2067,2068,2054,2291,2901,3729,3774,3597,,3205,3233,3167
2065,2059,2065,2369,2835,3751,3714,3669,,3221,3216,3178
2064,2064,2057,2373,2832,3706,3712,3627,,3205,3205,3169
2083,2094,2179,2450,2891,3735,3718,3629,,3210,3231,3178
2074,2037,2053,1965,2837,3730,3715,3673,,3216,3237,3170
2083,2082,2075,1712,2884,3703,3675,3619,,3216,3219,3158
2069,2069,2064,1907,2895,3743,3651,3623,,3207,3214,3165
2065,2059,2053,1706,2829,3706,3649,3613,,3237,3213,3175
2082,2061,2047,1761,2876,3721,3651,3632,,3227,3207,3194
2079,2057,2065,1858,2862,3806,3687,3633,,3210,3212,3169
2077,2077,2053,2074,2862,3761,3661,3626,,3216,3237,3203
2090,2066,2047,2001,2853,3791,3666,3607,,3201,3228,3184
2070,2078,2047,2333,2864,3728,3703,3681,,3200,3213,3182
2086,2062,2047,1905,2835,3794,3728,3623,,3227,3227,3182
2070,2064,2059,1985,2897,3795,3583,3578,,3202,3227,3165
2054,2059,2047,2080,2853,3780,3699,3685,,3203,3211,3158
2060,2064,2060,2112,2843,3750,3657,3600,,3210,3221,3158
2063,2063,2047,2214,2894,3797,3655,3600,,3207,3223,3165
2078,2060,2045,2112,2818,3775,3753,3646,,3206,3218,3163
2061,2062,2057,2139,2864,3775,3655,3607,,3216,3213,3181
2061,2063,2039,2112,2882,3792,3693,3669,,3213,3219,3162
2074,2056,2046,2131,2844,3785,3739,3677,,3216,3212,3190
2056,2071,2061,2070,2873,3799,3655,3671,,3216,3213,3162
2047,2055,2066,2270,2865,3760,3697,3668,,3203,3216,3162
2042,2061,2036,2391,2859,3794,3678,3639,,3215,3213,3174
2032,2064,2047,2198,2850,3794,3677,3617,,3229,3243,3182
2064,2061,2068,2294,2880,3711,3646,3715,,3205,3213,3163
2064,2061,2047,2235,2890,3753,3644,3601,,3209,3219,3185
2076,2054,2047,2267,2880,3793,3659,3650,,3213,3217,3161
2045,2055,2053,2173,2864,3813,3709,3746,,3200,3228,3169
2047,2058,2046,2199,2833,3760,3647,3597,,3215,3246,3182
2064,2065,2046,2207,2911,3792,3699,3600,,3198,3221,3168
2060,2055,2054,2339,2837,3747,3738,3631,,3188,3214,3154
2058,2051,2067,2224,2847,3745,3631,3571,,3200,3235,3169
2046,2070,2051,2363,2901,3791,3683,3536,,3199,3241,3184
2057,2054,2051,2186,2851,3709,3712,3634,,3214,3220,3166
2065,2062,2066,2333,2855,3788,3648,3654,,3209,3215,3169
2058,2079,2053,2266,2883,3710,3634,3683,,3200,3227,3183
2047,2064,2047,2283,2864,3534,3684,3616,,3229,3210,3186
2064,2039,2058,2139,2853,3790,3634,3568,,3223,3211,3168
2047,2058,2059,2142,2881,3694,3668,3647,,3217,3209,3167
2085,2059,2071,2319,2864,3794,3660,3583,,3211,3213,3180
2060,2067,2067,2509,2885,3678,3664,3600,,3221,3211,3166
2045,2059,2064,2279,2897,3670,3709,3690,,3206,3217,3162
2057,2062,2055,2340,2843,3759,3725,3647,,3219,3216,3211
2054,2059,2064,2382,2919,3664,3677,3606,,3211,3255,3165
2046,2058,2047,2352,2851,3744,3675,3725,,3210,3213,3165
2070,2057,2053,2117,2851,3733,3696,3600,,3216,3219,3165
2043,2064,2061,2192,2869,3686,3696,3663,,3205,3216,3166
2059,2058,2062,2165,2842,3734,3694,3692,,3205,3215,3184
2064,2062,2055,2346,2881,3729,3698,3605,,3207,3221,3167
2058,2090,2062,2209,2847,3665,3650,3673,,3207,3235,3171
2076,2058,2054,2273,2865,3746,3682,3649,,3225,3215,3166
2057,2064,2055,2256,2839,3739,3681,3643,,3216,3223,3206
2059,2061,2103,2199,2855,3714,3648,3717,,3214,3221,3166
2057,2061,2063,2351,2869,3769,3725,3614,,3213,3207,3164
2073,2061,2053,2065,2866,3683,3629,3664,,3216,3211,3164
2078,2058,2070,2239,2881,3692,3632,3671,,3216,3215,3187
2076,2059,2047,2215,2830,3797,3745,3583,,3223,3212,3163
2069,2073,2064,2279,2874,3698,3663,3600,,3229,3211,3164
2043,2063,2060,2047,2843,3709,3664,3654,,3216,3211,3172
2057,2064,2047,2254,2850,3743,3699,3642,,3217,3214,3184
2063,2063,2073,2417,2901,3665,3710,3651,,3216,3216,3251
2099,2064,2055,2071,2857,3811,3712,3619,,3216,3217,3163
2045,2061,2053,2214,2864,3745,3682,3655,,3231,3213,3165
2058,2080,2066,2357,2901,3716,3729,3696,,3211,3223,3177
2071,2061,2064,2237,2832,3758,3703,3653,,3206,3209,3169
2069,2054,2047,2347,2961,3766,3668,3617,,3226,3223,3166
2057,2058,2054,2311,2879,3679,3664,3645,,3216,3231,3170
2046,2057,2054,2286,2853,3817,3719,3583,,3062,3209,3199
2067,2061,2053,2448,2866,3601,3657,3937,,3231,3242,3173
2046,2059,2044,2228,2871,3739,3642,3637,,3214,3211,3167
2067,2061,2054,2230,2864,3792,3723,3623,,3216,3211,3181
2073,2086,2046,2134,2866,3712,3659,3618,,3206,3207,3167
2047,2059,2076,2254,2879,3790,3709,3632,,3217,3204,3171
2046,2059,2090,2155,2838,3842,3707,3651,,3213,3211,3162
2064,2053,2063,2161,2864,3689,3696,3603,,3219,3215,3179
2053,2065,1954,2214,2858,3750,3664,3549,,3215,3211,3174
2064,2059,2059,2032,2861,3786,3715,3648,,3203,3206,3167
2073,2061,2047,1998,2885,3707,3691,3583,,3216,3215,3162
2080,2079,2047,2139,2832,3792,3673,3632,,3217,3216,3169
2096,2137,2078,2359,2871,3728,3647,3572,,3217,3211,3173
2069,2063,2044,2153,2909,3703,3632,3583,,3200,3213,3181
2078,2060,2045,1910,2895,3741,3714,3645,,3207,3210,3167
2067,2080,2065,2317,2887,3709,3650,3611,,3216,3226,3203
2041,2058,2047,2096,2898,3690,3643,3616,,3207,3215,3173
2058,2065,2053,2355,2896,3791,3747,3623,,3217,3207,3168
2077,2067,2059,2462,2867,3689,3649,3649,,3206,3226,3172
2045,2064,2055,2506,2895,3749,3647,3646,,3207,3207,3178
2097,2061,2062,2353,2864,3792,3735,3673,,3205,3207,3171
2077,2057,2054,2415,2868,3719,3664,3555,,3229,3209,3179
2047,2055,2063,2320,2879,3749,3667,3699,,3204,3223,3169
2053,2058,2047,2211,2864,3755,3735,3626,,3208,3206,3200
2061,2058,2047,2333,2886,3682,3722,3563,,3211,3211,3186
2093,2055,2053,2241,2852,3725,3690,3691,,3204,3233,3171
2055,2055,2064,2250,2852,3773,3685,3532,,3223,3215,3173
2065,2064,2046,2224,2902,3707,3663,3650,,3210,3210,3183
2074,2065,2047,2106,2885,3767,3742,3651,,3211,3230,3172
2063,2060,2047,1980,2852,3729,3707,3617,,3213,3221,3191
2066,2067,2047,2206,2919,3701,3697,3696,,3221,3215,3184
2055,2071,2045,2191,2909,3738,3730,3614,,3209,3231,3172
2064,2058,2058,1827,2880,3693,3678,3601,,3205,3234,3187
2045,2054,2043,1843,2889,3693,3667,3626,,3207,3210,3170
2037,2070,2047,1930,2855,3772,3747,3649,,3219,3226,3178
2070,2059,2046,1879,2871,3973,3766,3616,,3205,3219,3190
2064,2061,2065,2064,2848,3728,3709,3714,,3221,3210,3178
2057,2055,2047,2058,2846,3694,3763,3691,,3200,3234,3167
2063,2055,2058,2101,2895,3728,3728,3568,,3204,3216,3197
2047,2055,2064,2033,2855,3684,3705,3630,,3206,3210,3169
2061,2056,2047,1842,2853,3763,3691,3565,,3215,3217,3167
2073,2057,2047,1456,2927,3696,3762,3571,,3213,3209,3193
2071,2047,2047,1657,2906,3691,3776,3634,,3209,3214,3173
2077,2058,2064,1582,2837,3760,3692,3559,,3208,3227,3166
2067,2058,2047,1729,2897,3665,3684,3602,,3205,3211,3171
2089,2058,2053,1604,2900,3698,3779,3583,,3208,3216,3169
2067,2035,2070,1730,2865,3771,3676,3595,,3204,3214,3180
2062,2059,2043,1584,2896,3691,3709,3634,,3203,3210,3167
2045,2064,2276,1667,2863,3675,3703,3675,,3213,3233,3167
2131,2064,2046,1737,2881,3731,3669,3581,,3237,3213,3179
2059,2075,2060,1655,2863,3743,3727,3714,,3205,3216,3200
2045,2055,2063,1557,2862,3728,3691,3664,,3214,3204,3171
2059,2053,2059,1725,2906,3657,3730,3650,,3218,3226,3174
2061,2064,2045,1356,2862,3791,3760,3661,,3197,3210,3177
2056,2064,2046,1645,2894,3749,3681,3658,,3202,3239,3166
2061,2063,2073,1927,2921,3761,3742,3617,,3231,3221,3200
2101,2060,2047,1900,2886,3755,3753,3684,,3236,3209,3166
2060,2069,2053,1717,2867,3811,3667,3610,,3255,3225,3169
2070,2059,2047,1953,2927,3732,3701,3623,,3223,3209,3168
2064,2061,2039,1930,2909,3712,3734,3623,,3217,3213,3167
2045,2016,2055,1963,2890,3799,3670,3605,,3246,3234,3163
2054,2061,2066,1741,2995,3709,3690,3654,,3216,3213,3169
2069,2057,2043,1756,2871,3682,3773,3583,,3223,3211,3166
2043,2058,2055,1518,2890,3770,3685,3580,,3223,3213,3174
2046,2063,2062,1740,2879,3803,3708,3665,,3211,3214,3166
2053,2066,2073,1814,2854,3689,3717,3626,,3222,3238,3170
2047,2060,2055,1792,2907,3709,3706,3569,,3244,3215,3184
2047,2062,2055,1907,2875,3751,3846,3645,,3219,3251,3187
2047,2055,2047,1910,2859,3778,3875,3574,,3216,3237,3165
2058,2059,2047,1847,2909,3683,3835,3548,,3221,3225,3186
2044,2064,2059,2022,2865,3728,3870,3648,,3217,3216,3171
2042,2064,2053,2018,2889,3779,3859,3619,,3221,3233,3165
2077,2055,2047,1955,2919,3737,3803,3598,,3218,3234,3201
2079,2071,2046,1968,2880,3730,3829,3671,,3211,3216,3162
2057,2064,2078,1906,2843,3826,3872,3630,,3227,3236,3319
2077,2145,2054,1886,2925,3734,3785,3583,,3216,3206,3170
2064,2058,2047,1900,2895,3774,3760,3559,,3215,3216,3167
2063,2055,2047,1878,2871,3789,3728,3659,,3236,3239,3162
2064,2054,2065,1920,2921,3709,3664,3671,,3219,3214,3205
2064,2058,2046,1825,2864,3727,3717,3648,,3216,3210,3164
2064,2060,2054,1854,2864,3697,3626,3611,,3212,3197,3167
2070,2076,2046,1966,2883,3728,3600,3664,,3222,3207,3167
2054,2059,2047,1904,2871,3728,3649,3629,,3203,3206,3171
2086,2058,2054,1886,2898,3735,3583,3603,,3248,3207,3167
2047,2075,2074,1778,2873,3702,3580,3638,,3219,3205,3184
2053,2047,2047,1855,2869,3761,3666,3606,,3217,3246,
2067,2060,2055,1868,2896,3728,3659,3642,,3221,3223,
2053,2065,2058,1961,2885,3664,3605,3659,,3225,3231,
2053,2064,2061,1991,2850,3792,3642,3625,,3207,3217,
2064,2058,2053,1864,2890,3711,3609,3609,,3210,3221,
2080,2059,2047,1971,2896,3750,3635,3614,,3211,3216,
2054,2064,2061,1817,2849,3776,3638,3607,,3233,3221,
2041,2062,2002,1838,2902,3712,3604,3649,,3203,3211,
2054,2070,2055,1758,2845,3697,3664,3690,,3214,3223,
2064,2060,2047,1774,2880,3738,3615,3611,,3245,3209,
2062,2061,2058,1685,2870,3777,3621,3636,,3210,3211,
2047,2053,2047,1636,2859,3788,3678,3632,,3213,3236,
2064,2047,2058,1743,2876,3669,3698,3599,,3222,3213,
2047,2061,2057,1893,2864,3786,3632,3644,,3216,3213,
2047,2059,2047,1829,2864,3751,3669,3612,,3215,3258,
2080,2084,2047,2118,2928,3710,3650,3648,,3218,3213,
2057,2070,2053,1916,2877,3717,3610,3649,,3216,3206,
2047,2063,2053,2015,2875,3743,3644,3562,,3216,3510,
2064,2058,2105,2015,2919,3712,3605,3649,,3234,3235,
2047,2066,2047,1989,2903,3705,3621,3615,,3216,3213,
2055,2070,2046,1732,2864,3767,3647,3632,,3217,3207,
2083,2047,2047,1679,2896,3678,3625,3681,,3227,3197,
2067,2055,2078,1729,2855,3687,3663,3632,,3216,3235,
2053,2075,2064,1770,2895,3783,3613,3603,,3225,3206,
2086,2055,2047,1631,2915,3757,3645,3668,,3215,3207,
2152,2057,2052,1791,2864,3696,3667,3653,,3216,3223,
2060,2055,2046,1872,2699,3823,3621,3616,,3232,3209,
2074,2107,2055,1822,2864,3769,3606,3695,,3209,3209,
2066,2057,2064,1911,2884,3658,3641,3609,,3209,3205,
2057,2061,2047,1921,2873,3696,3655,3580,,3221,3238,
2062,2070,2047,1966,2863,3675,3604,3634,,3214,3221,
2058,2058,2070,1820,2905,3723,3648,3574,,3216,3215,
2054,2063,2053,1839,2873,3689,3620,3603,,3217,3220,
2055,2064,2058,1845,2896,3745,3646,3568,,3213,3211,
2061,2059,2047,1879,2939,3787,3642,3581,,3210,3214,
2065,2053,2053,1751,2906,3712,3609,3602,,3238,3215,
2064,2069,2055,1795,2923,3728,3651,3693,,3216,3214,
2054,2079,2061,1653,2913,3766,3619,3583,,3220,3213,
2079,2062,2047,1776,2881,3779,3613,3647,,3235,3216,
2055,2067,2047,1886,2881,3658,3685,3632,,3217,3214,
2062,2081,2046,1831,2889,3773,3583,3580,,3217,3204,
2079,2062,2089,1887,2882,3751,3605,3664,,3216,3239,
2058,2059,2047,1713,2882,3654,3659,3606,,3219,3216,
2053,2032,2047,1780,2879,3696,3653,3606,,3233,3216,
2076,2069,2075,1778,2877,3671,3600,3638,,3227,3239,
2046,2056,2062,1898,2900,3696,3659,3615,,3222,3207,
2058,2078,2047,1978,2896,3762,3666,3649,,3227,3190,
2061,2068,2047,1977,2907,3717,3639,3583,,3222,3205,
2064,2057,2055,2052,2920,3706,3664,3598,,3231,3211,
2080,2063,2058,1963,2891,3710,3659,3601,,3216,3225,
2082,2068,2067,1999,2881,3664,3643,3643,,3241,3214,
2057,2054,2055,1797,2933,3697,3649,3663,,3227,3211,
2047,2059,2047,1715,2891,3680,3637,3598,,3220,3213,
2052,2064,2093,1807,2871,3665,3669,3583,,3226,3200,
2042,2059,2053,1854,2899,3717,3618,3627,,3222,3234,
2057,2053,2053,1869,2873,3714,3623,3576,,3233,3213,
2062,2062,2090,1867,2878,3679,3650,3583,,3223,3230,
2061,2074,2052,1881,2871,3819,3675,3648,,3211,3215,
2075,2055,2047,2082,2880,3667,3616,3583,,3258,3222,
2057,2057,2059,1936,2893,3675,3647,3617,,3216,3210,
2075,2046,2054,1942,2902,3761,3668,3697,,3218,3207,
2055,2055,2057,2015,2884,3695,3635,3583,,3209,3242,
2055,2057,2047,1898,2942,3727,3681,3604,,3221,3216,
2058,2058,2054,1776,2885,3729,3605,3635,,3229,3222,
2055,2055,2045,1802,2945,3719,3643,3640,,3245,3203,
2057,2057,2046,1968,2921,3728,3664,3648,,3217,3230,
2079,2058,2065,1837,2869,3677,3627,3635,,3214,3202,
2064,2077,2047,1745,2886,3718,3671,3619,,3220,3374,
2061,2057,2074,1914,2847,3741,3634,3629,,3226,3220,
2067,2046,2063,1959,2885,3745,3628,3564,,3212,3212,
2059,2087,2084,2029,2902,3686,3679,3639,,3229,3225,
2057,2064,2064,1973,2886,3809,3610,3645,,3216,3211,
2073,2047,2045,1910,2898,3757,3621,3601,,3216,3217,
2047,2063,2063,1958,2912,3702,3632,3568,,3233,3254,
2054,2064,2055,1799,2890,3791,3658,3647,,3216,3216,
2062,2060,2045,1989,2894,3696,3615,3531,,3211,3207,
2053,2067,2064,1875,2914,3664,3760,3606,,3233,3225,
2053,2060,2046,1747,2896,3735,3642,3632,,3220,3212,
2064,2064,2047,1616,2895,3703,3606,3615,,3221,3216,
2056,2064,2054,1873,2939,3775,3669,3570,,3231,3223,
2047,2059,2047,1872,2873,3681,3609,3648,,3227,3211,
2067,2064,2053,1795,2919,3694,3647,3632,,3227,3219,
2054,2057,2054,1601,2879,3775,3643,3663,,3344,3235,
2055,2070,2053,1903,2875,3734,3635,3583,,3210,3219,
2073,2085,2042,1887,2890,3697,3632,3575,,3213,3207,
2046,2057,2068,1942,2893,3755,3594,3649,,3252,3211,
2069,2057,2047,2162,2867,3726,3579,3609,,3223,3211,
2055,2078,2059,1830,2878,3761,3626,3600,,3213,3216,
2071,2084,2063,1664,2880,3759,3645,3695,,3228,3213,
2087,2061,2047,1785,2896,3727,3618,3539,,3216,3206,
2060,2065,2071,1723,2896,3799,3632,3574,,3216,3221,
2043,2078,2071,1799,2878,3757,3648,3667,,3213,3211,
2079,2062,2065,1840,2933,3767,3617,3579,,3216,3203,
2056,1941,2047,1771,2942,3828,3667,3658,,3222,3231,
2060,2064,2065,1934,2893,3757,3603,3655,,3234,3212,
2064,2062,2082,1757,2907,3737,3638,3653,,3212,3216,
2061,2082,2047,1828,2913,3729,3658,3710,,3215,3207,
2065,2061,2047,1815,2887,3814,3583,3627,,3216,3207,
2094,2064,2092,1785,2887,3793,3599,3601,,3211,3207,
2054,2065,2053,1872,2880,3762,3627,3693,,3212,3216,
2077,2061,2047,1847,2873,3799,3616,3627,,3211,3211,
2067,2071,2069,1727,2925,3754,3583,3607,,3207,3211,
2063,2064,2045,1826,2898,3757,3632,3713,,3213,3208,
2061,2063,2047,1706,2886,3770,3599,3614,,3209,3209,
2054,2063,2055,1840,2913,3805,3619,3637,,3215,3208,
2055,2071,2047,1942,2870,3760,3650,3651,,3226,3209,
2064,2091,2053,1993,2884,3760,3595,3649,,3206,3207,
2060,2064,2047,2045,2895,3787,3634,3661,,3207,3222,
2045,2077,2057,1872,2879,3745,3609,3666,,3234,3221,
2067,2064,2065,1822,2960,3750,3601,3670,,3206,3220,
2059,2063,2056,1905,2910,3782,3674,3727,,3205,3235,
2057,2058,2062,1773,2890,3678,3597,3623,,3239,3207,
2061,2061,2073,1807,2943,3767,3599,3623,,3209,3218,
2044,2063,2053,1839,2899,3749,3638,3648,,3216,3215,
2069,1965,2061,1794,2879,3759,3602,3661,,3226,3231,
2077,2062,2078,1790,2901,3761,3611,3662,,3215,3209,
2060,2063,2054,1938,2865,3713,3600,3664,,3236,3230,
2071,2061,2054,1826,2896,3731,3583,3598,,3209,3205,
2059,2063,2063,1709,2923,3776,3653,3626,,3211,3207,
2057,2064,2047,1713,2880,3743,3632,3635,,3234,3226,
2077,2074,2053,1778,2883,3440,3472,3607,,3216,3216,
2047,2064,2060,1962,2942,3691,3583,3673,,3216,3210,
2063,2069,2054,1938,2885,3679,3659,3632,,3232,3205,
2091,2063,2108,1775,2917,3785,3671,3679,,3215,3206,
2062,2101,2054,1404,2905,3696,3582,3699,,3214,3206,
2055,2079,2063,1510,2887,3673,3577,3612,,3232,3207,
2064,2070,2066,1665,2935,3738,3635,3583,,3231,3206,
2057,2062,2055,1934,2886,3694,3602,3632,,3216,3227,
2064,2063,2070,1829,2922,3767,3600,3598,,3264,3216,
2065,2064,2071,1654,2915,3760,3637,3647,,3214,3199,
2056,2101,2060,1697,2940,3731,3595,3635,,3217,3209,
2075,2064,2064,1560,2813,3753,3646,3602,,3216,3216,
2069,2061,2083,1942,2940,3691,3600,3638,,3215,3235,
2062,2064,2046,1914,2903,3697,3664,3648,,3216,3219,
2064,2066,2053,1699,2906,3755,3631,3567,,3223,3209,
2062,2061,2075,1783,2931,3711,3633,3664,,3213,3207,
2055,2064,2070,1566,2898,3718,3671,3655,,3238,3218,
2069,2070,2047,1817,2896,3793,3724,3628,,3214,3203,
2057,2058,2075,1716,2939,3707,3583,3654,,3203,3222,
2047,2075,2053,1716,2892,3697,3600,3617,,3247,3203,
2068,2061,2083,1979,2934,3761,3648,3631,,3220,3204,
2058,2065,2073,1822,2903,3703,3568,3696,,3215,3208,
2060,2079,2069,1636,2890,3760,3579,3644,,3226,3203,
2061,2063,2054,1620,2940,3728,3629,3653,,3210,3205,
2059,2064,2075,1534,2919,3709,3611,3725,,3054,3220,
2058,2064,2066,1523,2899,3765,3599,3633,,3207,3206,
2076,2064,2064,1818,2926,3717,3574,3642,,3209,3202,
2057,2065,2090,1693,2905,3675,3602,3621,,3223,3228,
2063,2082,2062,1787,2907,3728,3627,3618,,3214,3211,
2065,2075,2088,1933,2943,3677,3621,3669,,3213,3205,
2055,2062,2081,1887,2897,3712,3647,3639,,3213,3230,
2078,2085,2051,1421,2879,3762,3664,3674,,3206,3201,
2046,2055,2069,1410,2918,3683,3606,3665,,3215,3203,
2061,2053,2075,1677,2909,3693,3583,3612,,3210,3207,
2063,2059,2047,1725,2931,3755,3696,3583,,3210,3211,
2059,2061,2076,1863,2973,3687,3600,3675,,3210,3207,
2085,2069,2047,1858,2918,3749,3583,3644,,3232,3222,
2058,2061,2064,2059,2931,3696,3680,3636,,3223,3207,
2055,2063,2086,1957,2967,3669,3607,3701,,3211,3208,
2096,2069,2064,2099,2895,3718,3632,3600,,3210,3223,
2061,2059,2057,1950,2901,3682,3632,3648,,3410,3202,
2063,2061,2084,2079,2943,3699,3632,3701,,3206,3207,
2087,2075,2059,2037,2893,3728,3617,3611,,3226,3205,
2067,2063,2065,2054,2915,3710,3622,3651,,3209,3200,
2073,2060,2083,2081,2938,3659,3662,3661,,3205,3209,
2079,2082,2047,1948,2905,3767,3667,3693,,3205,3203,
2065,2062,2071,1634,2927,3655,3613,3694,,3210,3204,
2059,2070,2102,1855,2930,3665,3682,3657,,3209,3219,
2066,2064,2067,1865,2909,3745,3701,3632,,3210,3201,
2064,2062,2074,2023,2932,3697,3605,3679,,3223,3205,
2074,2061,2062,2025,2898,3758,3607,3349,,3211,3215,
2055,2064,2064,2342,2945,3725,3669,3693,,3207,3204,
2033,2062,2061,2191,2931,3681,3632,3632,,3214,3202,
2064,2085,2064,2451,2902,3715,3599,3604,,3207,3233,
2058,2059,2045,2373,2943,3662,3657,3681,,3211,3200,
2066,2059,2064,2416,2939,3674,3607,3631,,3215,3205,
2065,2074,2066,2284,2939,3866,3714,3607,,3211,3210,
2079,2062,2060,2257,2928,3717,3573,3655,,3225,3203,
2065,2061,2087,2231,2928,3683,3662,3602,,3207,3202,
2061,2081,2053,2311,2899,3760,3632,3649,,3223,3231,
2080,2060,2065,1888,2925,3679,3600,3612,,3207,3231,
2065,2059,2078,2097,3015,3661,3603,3583,,3226,3217,
2059,2083,2058,1997,2923,3715,3639,3582,,3218,3227,
2066,2059,2064,2011,2906,3698,3600,3583,,3222,3215,
2084,2061,2061,2039,2928,3723,3583,3603,,3201,3250,
2055,2064,2053,2073,2943,3717,3688,3652,,3231,3216,
2096,2064,,1737,2951,3678,3615,3583,,3219,3219,
2073,2057,,2110,2927,3746,3619,3600,,3211,3245,
2047,2058,,2255,2948,3728,3655,3696,,3210,3219,
2061,2077,,1992,2951,3699,3583,3583,,3211,3216,
2065,2070,,2000,2916,3694,3611,3583,,3213,3232,
2160,2055,,1680,2918,3751,3600,3632,,3203,3217,
2047,2059,,2000,2992,3693,3602,3606,,3205,3216,
2071,2061,,1782,2928,3725,3626,3635,,3203,3235,
2061,2059,,1903,2919,3689,3595,3582,,3215,3223,
2058,2103,,1691,2973,3703,3660,3583,,3213,3219,
2034,2067,,1673,2928,3724,3639,3633,,3203,3235,
2070,2060,,1680,2930,3681,3643,3597,,3218,3219,
2060,2054,,1653,2949,3661,3635,3602,,3248,3244,
2067,2077,,1940,2917,3735,3696,3669,,3217,3237,
2055,2068,,1994,2956,3667,3583,3641,,3216,3218,
2067,2047,,1863,2928,3725,3599,3602,,3243,3233,
2059,2073,,1758,2931,3759,3690,3682,,3221,3221,
2061,2057,,1819,2970,3686,3618,3614,,3206,3231,
2064,2070,,1872,2943,3687,3602,3657,,3248,3217,
2064,2087,,1733,2931,3664,3621,3652,,3207,3218,
2055,2060,,1732,2963,3681,3601,3610,,3213,3241,
2065,2071,,1894,2933,3703,3664,3623,,3206,3232,
2079,2060,,1837,2940,3719,3603,3610,,3206,3280,
2083,2064,,1780,2986,3668,3643,3583,,3209,3248,
2074,2065,,1690,2921,3770,3652,3661,,3203,3219,
2066,2043,,1887,2956,3699,3578,3606,,3210,3216,
2082,2064,,1798,2962,3691,3663,3606,,3216,3244,
2075,2066,,1749,2925,3757,3650,3666,,3248,3241,
2055,2062,,1697,2949,3669,3600,3631,,3216,3213,
2054,2064,,1712,2935,3713,3562,3604,,3219,3687,
2057,2079,,1671,2955,3727,3648,3691,,3222,3213,
2047,2064,,1689,2959,3693,3617,3600,,3221,3195,
2062,2064,,1733,2933,3713,3707,3583,,3223,3218,
2063,2078,,1655,2960,3708,3750,3644,,3219,3219,
2045,2061,,1719,2960,3659,3597,3567,,3221,3248,
2061,2085,,1700,2934,3712,3617,3649,,3245,3217,
2054,2067,,1965,2928,3674,3629,3596,,3221,3219,
2059,2062,,1674,2961,3690,3651,3599,,3245,3215,
2068,2070,,1767,2966,3675,3668,3637,,3222,3216,
2067,1867,,1718,2962,3715,3619,3615,,3262,3238,
2060,2058,,1680,2954,3685,3698,3351,,3235,3233,
2082,2079,,1535,2931,3759,3682,3654,,3234,3429,
2053,2062,,1517,2958,3666,3619,3615,,3217,3216,
2062,2063,,1535,2942,3760,3602,3597,,3217,3218,
1680,2079,,1527,2992,3801,3705,3696,,3222,3220,
2064,2061,,1865,2991,3709,3615,3583,,3220,3243,
2063,2047,,2043,2946,3778,3631,3621,,3218,3217,
2047,2066,,2035,2975,3767,3663,3690,,3218,3211,
2063,2059,,1792,2963,3722,3617,3583,,3219,3219,
2064,2062,,1803,2931,3715,3583,3689,,3221,3230,
2055,2073,,1791,2949,3695,3632,3657,,3219,3222,
2047,2066,,1852,2973,3718,3613,3633,,3230,3190,
2054,2078,,1947,2935,3710,3769,3694,,3216,3213,
2061,2072,,1802,2933,3712,3614,3631,,3216,3229,
2055,2060,,1840,2960,3712,3649,3632,,3215,3212,
2059,2074,,1775,2927,3762,3634,3651,,3218,3218,
2062,2063,,1861,2965,3697,3645,3622,,3247,3216,
2066,2058,,1900,2943,3760,3675,3623,,3214,3211,
2055,2078,,1884,2931,3815,3438,3696,,3233,3218,
2068,2074,,2000,2991,3714,3617,3613,,3218,3210,
2070,2064,,2115,2949,3749,3616,3603,,3232,3216,
2058,2082,,2199,2983,3760,3665,3664,,3246,3220,
2054,2063,,1970,3006,3709,3630,3583,,3233,3216,
2054,2064,,1949,2940,3724,3641,3629,,3216,3218,
2070,2059,,1998,2961,3772,3628,3600,,3217,3227,
2054,2061,,2045,2965,3762,3632,3602,,3217,3216,
2075,2057,,2010,2923,3713,3659,3678,,3217,3227,
2054,2071,,1939,2981,3802,3613,3600,,3216,3218,
2061,2073,,1827,3611,3742,3662,3622,,3220,3223,
2099,2059,,1875,2937,3708,3667,3675,,3230,3225,
2058,2064,,2013,2992,3769,3610,3597,,3237,3216,
2055,2055,,1904,2944,3720,3655,3578,,3215,3221,
2061,2080,,1847,2973,3707,3709,3666,,3216,3230,
2055,2064,,1839,2976,3777,3619,3580,,3216,3216,
2053,2047,,1849,2944,3745,3623,3600,,3216,3217,
1493,2064,,2108,2929,3702,3650,3677,,3216,3235,
2058,2058,,2011,2926,3780,3622,3605,,3217,3223,
2056,2059,,2063,2961,3735,3623,3603,,3227,3220,
2057,2079,,2132,2923,3749,3638,3630,,3216,3223,
2071,2064,,2070,2943,3777,3620,3579,,3234,3211,
2057,2055,,2042,2940,3683,3650,3631,,3218,3216,
2055,2057,,2031,2939,3766,3622,3582,,3231,3222,
2054,2254,,2071,2946,3733,3605,3557,,3216,3230,
2064,2064,,2030,2933,3728,4095,3626,,3243,3233,
2034,2069,,2134,2921,3765,3722,3613,,3220,3223,
2062,2061,,2147,2972,3729,3664,3647,,3223,3234,
2075,2061,,2193,2960,3725,3638,3697,,3210,3215,
2070,2063,,1904,2962,3763,3642,3655,,3215,3217,
2071,2062,,2094,2951,3737,3616,3661,,3276,3222,
2060,2070,,2003,2973,3789,3618,3726,,3234,3238,
2061,2061,,2125,2958,3751,3618,3667,,3215,3227,
2070,2057,,2074,2960,3998,3583,3743,,3216,3225,
2061,2061,,2141,2947,3707,3647,3714,,3245,3213,
2058,2064,,2176,2938,3799,3606,3686,,3216,3214,
2062,2061,,2277,2955,3726,3583,3733,,3239,3232,
2059,2058,,2186,2966,3728,3627,3681,,3221,3242,
2038,2054,,2203,3012,3763,3607,3706,,3219,3202,
2060,2071,,2240,2961,3719,3612,3722,,3228,3216,
2081,2058,,2193,2939,3694,3632,3673,,3227,3222,
2054,2062,,2194,2943,3711,3666,3670,,3221,3243,
2043,2058,,2123,2967,3681,3613,3728,,3239,3228,
2058,2226,,2096,2941,3728,3659,3702,,3216,3216,
2072,2061,,2099,2954,3760,3648,3679,,3216,3213,
2054,2069,,2093,2962,3687,3615,3762,,3231,3216,
2047,2069,,2064,3008,3746,3600,3701,,3231,3219,
2058,2058,,2046,2973,3758,3613,3695,,3231,3216,
2064,2047,,2055,2951,3685,3658,3743,,3230,3216,
2059,2078,,2038,2959,3756,3620,3745,,3217,3200,
2059,2055,,1972,2965,3693,3617,3739,,3238,3205,
2057,2058,,2105,2963,3681,3627,3754,,3226,3213,
2089,2066,,2014,2956,3754,3623,3663,,3229,3226,
2054,2055,,2057,3003,3703,3645,3717,,3238,3190,
2054,2064,,1997,2960,3743,3696,3675,,3216,3107,
2054,2065,,2000,2971,3728,3703,3694,,3218,3209,
2271,2062,,2041,2965,3856,3644,3686,,3250,3222,
2053,2079,,2011,3021,3739,3726,3631,,3238,3216,
2047,2096,,1977,2966,3405,3641,3648,,3221,3201,
2047,2060,,1990,2965,3699,3647,3727,,3231,3211,
2065,2074,,1983,2949,3600,3660,3692,,3233,3216,
2054,2059,,2043,2977,3760,3601,3632,,3222,3203,
2058,2064,,2099,2992,3755,3613,3674,,3243,3205,
2064,2058,,2096,2966,3680,3603,3632,,3218,3219,
2059,2077,,2081,2958,3675,3617,3658,,3108,3204,
2062,2061,,2090,3015,3734,3622,3760,,3221,3204,
2047,2054,,2089,2941,3744,3642,3657,,3219,3216,
2067,2055,,2098,2977,3719,3623,3664,,3217,3210,
2055,1961,,2087,2965,3727,3573,3639,,3217,3211,
2055,2059,,2148,3003,3693,3657,3640,,3219,3216,
2046,2069,,2026,2971,3667,3621,3701,,3222,3209,
2054,2064,,2068,2975,3705,3696,3673,,3222,3211,
2062,2064,,2000,2991,3691,3607,3692,,3229,3209,
2054,2067,,2070,2992,3696,3651,3692,,3217,3214,
2056,2065,,2115,2974,3683,3692,3649,,3229,3211,
2064,2057,,2073,2955,3762,3673,3639,,3227,3213,
2059,2062,,2147,3026,3728,,3697,,3219,3221,
2045,2074,,2062,2943,3733,,3675,,3235,3229,
2064,2066,,2235,2948,3719,,3674,,3232,3207,
2051,2065,,2241,2960,3773,,3724,,3219,3221,
2046,2066,,2093,2969,3698,,3641,,3217,3713,
2061,2155,,1878,2960,3679,,3664,,3215,3206,
2072,2063,,1889,2966,3967,,3665,,3222,3213,
2075,2077,,1879,2962,3712,,3652,,3241,3207,
2063,2093,,1889,3008,3719,,3682,,3213,3203,
2061,2067,,1605,2951,3685,,3666,,3216,3202,
2080,2063,,1535,2974,3701,,3675,,3229,3216,
2061,2064,,1231,2949,3665,,3721,,3216,3219,
2058,2065,,1186,2991,3728,,3664,,3217,3201,
2055,2068,,1223,2952,3751,,3660,,3247,3207,
2089,2064,,1138,2951,3715,,3751,,3216,3209,
2058,2068,,1283,2961,3722,,3648,,3233,3203,
2058,2091,,941,2947,3771,,3749,,3199,3206,
2057,2064,,912,2971,3753,,3696,,3215,3210,
2047,2065,,858,2954,3699,,3657,,3227,3205,
2189,2062,,1050,3012,3739,,3686,,3214,3221,
2047,2071,,1091,2960,3709,,3663,,3217,3213,
2069,2064,,1117,2951,3690,,3664,,3215,3250,
2057,2064,,1141,2955,3711,,3688,,3215,3215,
2064,2064,,1110,3013,3711,,3679,,3215,3216,
2064,2064,,1045,3001,3691,,3659,,3213,3216,
2078,2064,,1121,2959,3728,,3723,,3216,3217,
2081,2064,,1184,2985,3679,,3687,,3214,3229,
2047,2063,,1133,3007,3795,,3661,,3212,3213,
2053,2071,,1167,2993,3686,,3717,,3215,3211,
2073,2063,,1184,2959,3663,,3685,,3214,3225,
2055,2064,,1172,2966,3762,,3713,,3223,3219,
2051,2064,,1161,2986,3782,,3669,,3213,3213,
2055,2081,,1136,2965,3666,,3643,,3218,3220,
2057,2063,,1226,2973,3695,,3694,,3241,3280,
2057,2063,,1137,3011,3757,,3664,,3213,3227,
2047,2096,,1228,2976,3696,,3644,,3230,3211,
2058,2071,,1152,2957,3674,,3682,,3218,3214,
2047,2062,,1161,2960,3699,,3715,,3213,3215,
2057,2064,,1136,3027,3683,,3657,,3217,3215,
2053,2075,,1145,2973,3694,,3698,,3218,3211,
2057,1925,,1138,2974,3695,,3703,,3221,3218,
2053,2063,,1097,2976,3700,,3693,,3216,3216,
2054,2071,,1118,3019,3698,,3700,,3216,3216,
2060,2063,,1127,2975,3684,,3693,,3226,3221,
2064,2065,,1118,2977,3725,,3660,,3216,3215,
2079,2083,,1106,2983,3725,,3746,,3218,3216,
2076,2064,,1104,2999,3683,,3697,,3209,3216,
2059,2061,,1014,2970,3741,,3703,,3220,3217,
2079,2064,,969,2986,3781,,3726,,3215,3221,
2064,2112,,944,2957,3699,,3705,,3230,3229,
2064,2062,,1037,3008,3677,,3706,,3211,3213,
2058,2062,,1054,2976,3750,,3721,,3207,3216,
2065,2087,,1040,2957,3685,,3647,,3219,3232,
2055,2061,,1040,2992,3670,,3645,,3211,3233,
2063,2065,,1090,2971,3685,,3664,,3214,3216,
2064,2070,,1102,2993,3696,,3626,,3218,3216,
2064,2059,,1058,2981,3739,,3695,,3202,3238,
2069,2081,,1008,3031,3699,,3664,,3193,3248,
2062,2067,,1002,2989,3773,,3632,,3211,3217,
2058,2055,,1014,2992,3697,,3694,,3212,3216,
2064,2064,,976,2979,3700,,3650,,3204,3217,
2067,2063,,969,3017,3728,,3675,,3221,3218,
2055,2069,,967,2961,3744,,3710,,3216,3216,
2059,2061,,987,3021,3670,,3648,,3214,3216,
2054,2061,,1023,2999,3761,,3739,,3217,3217,
2055,2059,,1058,3034,3777,,3679,,3214,3218,
2053,2059,,1040,3013,3509,,3621,,3237,3225,
2066,2061,,1014,3034,3696,,3692,,3071,3216,
2072,2061,,1044,3006,3709,,3712,,3213,3210,
2057,2087,,1040,2993,3686,,3638,,3225,3216,
2075,2055,,1023,3011,3697,,3691,,3212,3216,
2154,2064,,1040,2941,3675,,3659,,3213,3218,
2055,2085,,1065,2986,3686,,3747,,3213,3228,
2059,2071,,1046,2977,3699,,3719,,3212,3215,
2047,2060,,1055,3039,3693,,3697,,3209,3213,
2058,2062,,1063,2995,3731,,3728,,3234,3217,
2071,2065,,1065,2965,3738,,3770,,3215,3235,
2055,2064,,1047,3024,3698,,3732,,3211,3216,
2062,2076,,1065,2977,3708,,3739,,3216,3214,
2065,2059,,1146,3007,3802,,3727,,3207,3243,
2064,2060,,1073,3033,3721,,3699,,3171,3244,
2058,2063,,1099,2969,3706,,3681,,3216,3216,
2058,2063,,1103,3014,3742,,3746,,3211,3215,
2060,2061,,1101,3035,3677,,3701,,3205,3218,
2153,2077,,1107,2993,3695,,3693,,3206,3218,
2060,2063,,1112,2996,3677,,3728,,3207,3217,
2083,2064,,1086,3012,3751,,3682,,3211,3206,
2098,2067,,1072,3003,3693,,3728,,3207,3216,
2062,2062,,1078,3026,3709,,3774,,3215,3216,
2057,2064,,1065,3013,3749,,3764,,3241,3215,
2064,2065,,1070,3019,3747,,3721,,3213,3205,
2059,2059,,1072,3021,3691,,3812,,3214,3203,
2054,2087,,1089,2997,3738,,3730,,3219,3206,
2079,2060,,1068,2992,3772,,3696,,3207,3213,
2055,2059,,1063,3031,3677,,3766,,3209,3215,
2064,2062,,1058,2992,3697,,3686,,3231,3222,
2067,2061,,1057,3034,3728,,3702,,3232,3187,
2059,2066,,1023,3041,3675,,3723,,3217,3193,
2090,2062,,1045,3030,3696,,3670,,3218,3201,
2061,2063,,1011,3029,3666,,3797,,3213,3198,
2083,2066,,1074,3031,3687,,3675,,3222,2992,
2065,2075,,996,3037,3654,,3668,,3215,3190,
2057,2082,,972,3026,3708,,3683,,3216,3199,
2060,2067,,989,3008,3693,,3711,,3226,3216,
2078,2084,,912,3005,3707,,3708,,3216,3186,
2053,2061,,946,3047,3707,,3682,,3216,3187,
2064,2063,,896,3009,3728,,3713,,3234,3184,
2074,2063,,891,3024,3721,,3709,,3665,3188,
2063,2062,,893,3043,3722,,3728,,3219,3199,
2059,2063,,837,2993,3660,,3667,,3210,3189,
2066,2062,,848,2997,3781,,3697,,3217,3184,
2064,2059,,859,3027,3696,,3701,,3211,3183,
2066,2062,,809,2985,3666,,3614,,3217,3184,
2067,2078,,843,3035,3760,,3696,,3229,3216,
2055,2070,,829,3052,3680,,3683,,3214,3184,
2047,2061,,787,3055,3677,,3647,,3205,3184,
2055,2059,,697,3023,3759,,3663,,3215,3200,
2060,2064,,781,3024,3679,,3670,,3211,3184,
2065,2155,,803,2981,3698,,3671,,3211,3180,
2054,2085,,796,3027,3854,,3687,,3207,3184,
2054,2064,,775,3027,3718,,3682,,3210,3184,
2081,2080,,780,3014,3679,,3659,,3217,3184,
2074,2079,,789,3017,3495,,3920,,3204,3193,
2075,2062,,782,3019,3779,,3664,,3227,3191,
2077,2062,,774,3037,3706,,3627,,3206,3186,
2074,2061,,784,3037,3653,,3696,,3214,3185,
2064,2054,,813,3034,3695,,3617,,3245,3207,
2069,2055,,791,3039,3763,,3647,,3206,3195,
2065,2060,,787,3027,3677,,3617,,3205,3202,
2076,2060,,798,3042,3667,,3601,,3206,3186,
2077,2058,,805,3046,3798,,3686,,3203,3185,
2064,2056,,790,3045,3648,,3603,,3212,3185,
2071,2062,,781,3057,3719,,3643,,3203,3134,
2064,2065,,777,3042,3709,,3719,,3206,3184,
2064,2062,,794,3024,3693,,3706,,3211,3183,
2069,2061,,767,3042,3697,,3662,,3245,3183,
2064,2069,,751,3059,3665,,3652,,3218,3177,
2064,2067,,752,3027,3761,,3651,,3213,3178,
2084,2061,,755,3037,3786,,3622,,3211,3174,
2062,2060,,777,3042,3645,,3731,,3206,3173,
2061,2081,,758,3006,3687,,3647,,3221,3174,
2067,2171,,754,3023,3747,,3668,,3205,3187,
2061,2064,,753,3044,3706,,3669,,3197,3182,
2064,2061,,751,3058,3696,,3639,,3206,3181,
2082,2067,,747,3071,3727,,3671,,3227,3173,
2062,2074,,734,3055,3702,,3627,,3212,3194,
2065,2064,,740,3041,3699,,3645,,3246,3175,
2063,2069,,734,3040,3693,,3699,,3203,3170,
2061,2064,,732,3029,3696,,3696,,3204,3174,
2079,2073,,752,3027,3759,,3683,,3210,3177,
2069,2062,,764,3055,3696,,3674,,3211,3200,
2074,2054,,726,3014,3745,,3440,,3210,3167,
2067,2064,,719,3024,3760,,3719,,3207,3183,
2057,2067,,726,3056,3696,,3684,,3215,3182,
2060,2063,,677,3012,3696,,3653,,3216,3173,
2078,2059,,680,3062,3763,,3661,,3211,3178,
2071,2061,,672,3058,3673,,3629,,3206,3183,
2065,2060,,690,3005,3753,,3692,,3209,3189,
2069,2059,,688,3030,3741,,3632,,3242,3179,
2061,2075,,677,3055,3693,,3610,,3214,3177,
2038,2063,,682,3051,3655,,3650,,3472,3178,
2128,2072,,678,3056,3671,,3638,,3158,3186,
2064,2059,,682,3031,3687,,3701,,3213,3183,
2075,2071,,683,3053,3707,,3663,,3216,3184,
2078,2071,,689,3059,3661,,3642,,3206,3185,
2063,2055,,687,3002,3709,,3727,,3217,3191,
2077,2061,,693,3055,3758,,3730,,3209,3179,
2064,2064,,689,3055,3694,,3697,,3207,3179,
2073,2065,,721,3210,3742,,3632,,3210,3181,
2074,2066,,699,3024,3715,,3765,,3209,3184,
2064,2090,,691,3024,3682,,3674,,3211,3179,
2081,2059,,694,3071,3670,,3658,,3211,3179,
2061,2072,,713,3024,3728,,3680,,3216,3204,
2055,2063,,699,3056,3665,,3664,,3216,3184,
2064,2061,,698,3054,3723,,3661,,3206,3184,
2065,2079,,697,3023,3696,,3677,,3207,3183,
2063,2058,,721,3054,3685,,3731,,3204,3199,
2123,2058,,698,3063,3712,,3743,,3216,3184,
2030,2061,,703,3043,3699,,3666,,3202,3184,
2059,2058,,733,3037,3679,,3728,,3201,3184,
2080,2064,,715,3021,3707,,3758,,3200,3184,
2067,2065,,699,3023,3682,,3681,,3216,3185,
2064,2059,,698,3030,3755,,3696,,3217,3178,
2083,2064,,699,3016,3780,,3746,,3205,3181,
2075,2071,,702,3056,3721,,3745,,3209,3185,
2063,2067,,701,3040,3728,,3696,,3206,3179,
2067,2067,,698,3034,3773,,3716,,3219,3180,
2080,2077,,702,3087,3669,,3698,,3213,3177,
2064,2064,,713,3055,3742,,3700,,3211,3183,
2044,2057,,711,3042,3699,,3715,,3206,3178,
2064,2056,,695,3088,3699,,3762,,3209,3184,
2081,2064,,752,3092,3735,,3769,,3200,3191,
2064,2070,,689,3065,3702,,3711,,3216,3177,
2063,2076,,693,3056,3717,,3754,,3206,3174,
2091,2061,,698,3088,3762,,3767,,3216,3185,
2073,2086,,709,3062,3700,,3699,,3202,3194,
2076,2018,,698,3027,3766,,3697,,3215,3174,
2096,2066,,690,3049,3751,,3757,,3204,3191,
2064,2062,,683,3069,3697,,3677,,3205,3174,
2061,2064,,694,3037,3728,,3702,,3206,3183,
2063,2067,,691,3039,3764,,3735,,3205,3175,
2061,2062,,691,3071,3669,,3696,,3208,3177,
2063,2063,,681,3027,3678,,3676,,3204,3174,
2090,2075,,704,3079,3728,,3712,,3215,3180,
2063,2070,,686,3081,3695,,3703,,3216,3183,
2061,2063,,684,3095,3759,,3718,,3215,3179,
2064,2061,,688,3043,3665,,3695,,3202,3184,
2064,2071,,682,3067,3664,,3785,,3207,3186,
2074,2059,,689,3045,3715,,3664,,3205,3181,
2076,2064,,678,3069,3714,,3690,,3216,3192,
2062,2064,,692,3085,3747,,3728,,3204,3181,
2078,2128,,695,3033,3729,,3760,,3207,3184,
2064,2062,,659,3024,3686,,3709,,3211,3181,
2064,2060,,686,3063,3654,,3715,,3207,3185,
2065,2065,,693,3049,3798,,3751,,3207,3201,
2073,2061,,683,3071,3705,,3734,,3201,3193,
2068,2061,,688,3083,3679,,3713,,3236,3186,
2077,2059,,688,3058,3762,,3754,,3216,3184,
2057,2080,,707,3082,3681,,3730,,3237,3206,
2064,2086,,688,3088,3697,,3789,,3246,3184,
2064,2089,,689,3056,3722,,3737,,3216,3184,
2064,2079,,688,3091,3693,,3761,,3217,3191,
2069,2062,,715,3088,3729,,3735,,3216,3187,
2062,2060,,720,3031,3707,,3718,,3246,3203,
2071,2060,,689,3093,3727,,3777,,3217,3184,
2093,2058,,704,3058,3723,,3767,,3232,3191,
2054,2061,,699,3055,3693,,3698,,3200,3199,
2064,2064,,693,3086,3715,,3713,,3221,3185,
2076,2101,,727,2717,3771,,3754,,3232,3184,
2081,2061,,696,3066,3664,,3722,,3221,3186,
2061,2062,,697,3107,3747,,3697,,3216,3206,
2070,2064,,705,3068,3735,,3723,,3216,3183,
2064,2061,,706,3056,3696,,3700,,3233,3186,
2069,2061,,699,3059,3722,,3675,,3219,3198,
2066,2081,,700,3061,3719,,3667,,3216,3184,
2061,2059,,693,3035,3677,,3749,,3229,3184,
2074,2062,,693,3041,3671,,3723,,3216,3186,
2063,2091,,693,3095,3730,,3683,,3219,3183,
2063,2075,,693,3051,3665,,3719,,3219,3187,
2083,2062,,693,3061,3712,,3723,,3218,3183,
2064,2064,,683,3094,3704,,3680,,3216,3190,
2066,2059,,733,3052,3731,,3708,,3217,3194,
2067,2064,,713,3088,3765,,3747,,3317,3184,
2080,2061,,714,3041,3657,,3666,,3216,3184,
2062,2063,,739,3044,3729,,3677,,3219,3210,
2064,2061,,747,3071,3743,,3733,,3221,3202,
2075,2063,,735,3068,3655,,3693,,3227,3189,
2059,2062,,743,3034,3647,,3698,,3235,3189,
2057,2069,,745,3088,3722,,3695,,3216,3180,
2061,2062,,736,3043,3664,,3663,,3216,3182,
2068,2061,,742,3049,3716,,3709,,3234,3197,
2062,2075,,721,3071,3776,,3537,,3248,3186,
2076,2062,,729,3059,3653,,3663,,3217,3184,
2066,2064,,692,3066,3667,,3749,,3218,3153,
2063,2064,,693,3143,3813,,3555,,3241,3180,
2064,2064,,717,3087,3685,,3646,,3244,3184,
2083,2062,,705,3107,3719,,3679,,3219,3178,
2061,2055,,704,3095,3767,,3583,,3219,3184,
2062,2053,,727,3065,3747,,3635,,3226,3210,
2083,2063,,721,3071,3699,,3692,,3216,3184,
2087,2074,,704,3056,3738,,3599,,3219,3183,
2063,2059,,698,3071,3666,,3728,,3216,3186,
2064,2063,,727,3088,3732,,3667,,3215,3170,
2069,2053,,714,3058,3724,,3641,,3216,3179,
2061,2057,,742,3056,3894,,3682,,3216,3203,
2064,2064,,741,3081,3685,,3655,,3216,3175,
2064,2060,,759,3051,3664,,3653,,3216,3184,
2065,2057,,743,3079,3675,,3641,,3218,3203,
2062,2066,,753,3107,3722,,3664,,3216,3193,
2062,2054,,773,3058,3647,,3703,,3216,3185,
2061,2047,,740,3131,3669,,3670,,3218,3185,
2059,2062,,749,3115,3744,,3659,,3213,3184,
2054,2079,,752,3071,3744,,3689,,3217,3183,
2071,2059,,752,3117,3646,,3642,,3230,3201,
2057,2058,,753,3069,3743,,3644,,3239,3207,
2055,2061,,778,3062,3685,,3692,,3216,3183,
2090,2067,,766,3087,3679,,3647,,3213,3182,
2082,2064,,779,3088,3733,,3639,,3195,3195,
2061,2060,,757,3062,3683,,3662,,3243,3195,
2069,2071,,763,3068,3699,,3661,,3216,3094,
2077,2055,,752,3059,3737,,3645,,3215,3182,
2101,2053,,751,3071,3918,,3694,,3217,3186,
2061,2070,,746,3095,3728,,3664,,3216,3184,
2060,2062,,752,3071,3680,,3679,,3218,3184,
2073,2066,,747,3061,3667,,3684,,3216,3193,
2062,2064,,752,3118,3728,,3631,,3216,3181,
2059,2063,,777,3063,3712,,3659,,3231,3218,
2073,2055,,771,3099,3683,,3664,,3216,3183,
2064,2060,,782,3093,3760,,3703,,3216,3195,
2059,2059,,803,3071,3713,,3694,,3219,3185,
2111,2066,,786,3120,3693,,3666,,3216,3178,
2067,2058,,770,3055,3752,,3667,,3223,3186,
2059,2064,,767,3083,3661,,3710,,3227,3190,
2064,2064,,764,3055,3699,,3671,,3216,3179,
2078,2059,,823,3082,3751,,3648,,3242,3153,
2065,2059,,789,3112,3714,,3681,,3213,3198,
2068,2221,,784,3115,3687,,3626,,3223,3179,
2062,2082,,768,3120,3674,,3679,,3216,3187,
2064,2062,,787,3071,3714,,3671,,3216,3199,
2064,2059,,773,3122,3728,,3632,,3214,3185,
2064,2063,,785,3082,3812,,3653,,3231,3213,
2085,2064,,814,3095,3732,,3665,,3211,3184,
2062,2054,,814,3089,3801,,3671,,3245,3184,
2059,2063,,809,3106,3777,,3648,,3214,3183,
2075,2062,,816,3151,3727,,3687,,3152,3203,
2058,2063,,819,3120,3763,,3632,,3234,3185,
2061,2078,,786,3086,3694,,3679,,3234,3186,
2074,2063,,775,3148,3682,,3633,,3221,3182,
2061,2064,,741,3125,3730,,3631,,3217,3185,
2055,2058,,720,3082,3671,,3701,,3229,3194,
2083,2062,,707,3138,3687,,3632,,3229,3184,
2072,2067,,705,3101,3719,,3717,,3214,3187,
2063,2059,,688,3104,3674,,3652,,3213,3191,
2061,2061,,717,3122,3723,,3621,,3235,3179,
2069,2063,,696,3088,3397,,3669,,3214,3178,
2061,2063,,715,3101,3781,,3698,,3215,3216,
2062,2063,,717,3083,3714,,3623,,3226,3197,
2058,2065,,716,3083,3728,,3627,,3211,3177,
2068,2061,,745,3149,3792,,3630,,3216,3213,
2071,2064,,706,3101,3659,,3643,,3228,3191,
2055,2061,,701,3085,3680,,3676,,3216,3215,
2061,2064,,717,3141,3755,,3653,,3223,3189,
2064,2078,,734,3092,3663,,3653,,3227,3190,
2058,2063,,707,3107,3682,,3641,,3242,3184,
2064,2063,,704,3121,3669,,3664,,3217,3184,
2070,2064,,705,3106,3654,,3687,,3215,3182,
2054,2077,,697,3099,3685,,3683,,3227,3251,
2066,2059,,698,3170,3655,,3583,,3358,3189,
2079,2064,,709,3089,3687,,3664,,3211,3190,
2057,2064,,703,3248,3733,,3447,,3202,3186,
2084,2063,,700,3120,3678,,3623,,3216,3173,
2055,2060,,687,3099,3679,,3647,,3211,3184,
2101,2059,,693,3091,3762,,3664,,3217,3187,
2058,2062,,720,3130,3718,,3661,,3214,3184,
2055,2064,,715,3108,3719,,3695,,3216,3187,
2066,2062,,715,3120,3749,,3621,,3214,3215,
2061,2061,,720,3136,3131,,3643,,3216,3180,
2070,2065,,758,3112,3698,,3635,,3209,3207,
2063,2061,,714,3154,3681,,3621,,3216,3222,
2059,2064,,709,3130,3673,,3710,,3234,3199,
2064,2057,,724,3136,3729,,3637,,3214,3201,
2074,2060,,708,3118,3654,,3614,,3215,3204,
2078,2069,,692,3101,3654,,3643,,3234,3189,
2057,2059,,689,3107,3728,,3627,,3239,3187,
2070,2071,,701,3119,3664,,3583,,3211,3189,
2065,2064,,702,3120,3696,,3614,,3214,3186,
2063,2058,,704,3098,3649,,3597,,3214,3315,
2087,2061,,707,3136,3660,,3631,,3219,3206,
2059,2083,,701,3106,3758,,3623,,3245,3184,
2066,2064,,716,3132,3681,,3600,,3214,3184,
2077,2064,,727,3131,3670,,3600,,3210,3197,
2058,2068,,704,3118,3718,,3649,,3215,3184,
2071,2066,,719,3152,3675,,3600,,3211,3184,
2073,2067,,699,3123,3665,,3639,,3200,3183,
2061,2064,,695,3117,3728,,3662,,3215,3212,
2073,2095,,711,3128,3846,,3605,,3216,3191,
2060,2064,,714,3111,3685,,3667,,3217,3209,
2071,2064,,704,3169,3701,,3648,,3215,3195,
2083,2061,,709,3130,3680,,3575,,3215,3195,
2061,2072,,709,3157,3692,,3571,,3253,3186,
2058,2055,,731,3157,3667,,3622,,3231,3187,
2089,2062,,720,3120,3662,,3559,,3213,3193,
2064,2061,,721,3143,3716,,3602,,3211,3185,
2063,2092,,720,3103,3655,,3583,,3228,3179,
2095,2032,,723,3102,3650,,3557,,3206,3199,
2059,2069,,703,3152,3679,,3624,,3223,3185,
2059,2064,,720,3175,3681,,3577,,3211,3173,
2072,2038,,735,3152,3673,,3568,,3216,3189,
2063,2059,,735,3163,3664,,3633,,3185,3198,
2357,2062,,769,3128,3643,,3605,,3215,3187,
2059,2085,,770,2997,3648,,3619,,3215,3197,
2067,2074,,795,3136,3728,,3599,,3211,3206,
2057,2056,,784,3122,3648,,3549,,3215,3189,
2058,2055,,742,3149,3621,,3647,,3414,3192,
2071,2061,,711,3141,3696,,3399,,3212,3189,
2058,2060,,702,3138,3689,,3547,,3212,3185,
2064,2059,,699,3166,3689,,3583,,3211,3185,
2055,2060,,716,3109,3650,,3579,,3215,3197,
2068,2064,,745,3127,3654,,3575,,3209,3186,
2054,2063,,701,3354,3701,,3598,,3213,3185,
2055,2063,,710,3154,3685,,3550,,3211,3192,
2058,2083,,691,3138,3671,,3553,,3199,3215,
2073,2077,,714,3214,3529,,3581,,3221,3199,
2055,2064,,710,3203,3664,,3527,,3223,3207,
2068,2064,,681,3146,3664,,3647,,3216,3218,
2055,2066,,660,3194,3857,,3540,,3216,3198,
2011,2065,,671,3197,3699,,3515,,3210,3184,
2057,2059,,695,3147,3697,,3581,,3211,3190,
2058,2064,,703,3181,3760,,3525,,3223,3184,
2096,2077,,660,3149,3694,,3546,,3210,3181,
2059,2074,,733,3152,3783,,3563,,3214,3185,
2042,2059,,726,3153,3694,,3557,,3211,3248,
2061,2047,,720,3175,3693,,3531,,3216,3184,
2055,2078,,726,3207,3706,,3440,,3209,3183,
2058,2059,,717,3147,3664,,3521,,3215,3197,
2059,2063,,687,3093,3691,,3550,,3210,3185,
2058,2062,,691,3205,3653,,3521,,3211,3186,
2057,2069,,697,3151,3707,,3506,,3211,3184,
2057,2055,,735,3147,3686,,3528,,3216,3226,
2067,2055,,695,3207,3696,,3551,,3207,3183,
2067,2064,,690,3200,3711,,3513,,3226,3184,
2082,2135,,703,3152,3667,,3563,,3200,3196,
2060,2064,,688,3150,3746,,3558,,3207,3184,
2055,2062,,703,3187,3723,,3529,,3234,3183,
2107,2093,,662,3140,3674,,3565,,3211,3202,
2075,2062,,653,3151,3762,,3541,,3253,3175,
2059,2065,,638,3165,3669,,3503,,3209,3191,
2058,2057,,641,3152,3682,,3566,,3217,3184,
2083,2062,,639,3120,3679,,3555,,3218,3189,
2064,2071,,663,3136,3683,,3525,,3213,3184,
2060,2063,,645,3200,3713,,3526,,3525,3206,
1869,2062,,654,3153,3682,,3536,,3216,3187,
2058,2071,,652,3153,3683,,3533,,3211,3183,
2061,2064,,646,3201,3694,,3539,,3207,3207,
2064,2062,,685,3213,3675,,3516,,3229,3191,
2059,2063,,657,3175,3645,,3578,,3207,3184,
2061,2062,,676,3175,3733,,3536,,3214,3203,
2058,2064,,651,3183,3669,,3493,,3212,3184,
2057,2064,,647,3178,3690,,3558,,3222,3184,
2057,2064,,634,3154,3698,,3564,,3211,3179,
2071,2061,,625,3154,3660,,3519,,3195,3172,
2059,2069,,646,3173,3750,,3538,,3207,3173,
2061,2061,,627,3158,3747,,3535,,3221,3190,
2062,2062,,633,3172,3685,,3539,,3210,3184,
2071,2068,,638,3179,3747,,3538,,3210,3173,
2058,2062,,647,3157,3689,,3553,,3221,3209,
2072,2077,,650,3162,3659,,3506,,3223,3175,
2061,2075,,654,3197,3697,,3531,,3213,3393,
2071,2058,,658,3178,3675,,3541,,3218,3179,
2059,2069,,653,3165,3675,,3553,,3236,3183,
2065,2071,,651,3211,3735,,3536,,3209,3184,
,2059,,646,3190,3684,,3507,,3229,3184,
,2061,,669,3174,3705,,3578,,3213,3101,
,2063,,666,3189,3782,,3578,,3217,3183,
,2058,,654,3215,3663,,3494,,3218,3184,
,2061,,656,3167,3682,,3509,,3210,3173,
,2139,,653,3129,3712,,3536,,3211,3166,
,2112,,665,3147,3706,,3494,,3231,3178,
,2057,,662,3173,3696,,3489,,3216,3182,
,2065,,666,3189,3683,,3520,,3213,3175,
,2064,,658,3150,3665,,3518,,3216,3138,
,2058,,653,3195,3725,,3543,,3212,3194,
,2059,,663,3167,3698,,3568,,3211,3170,
,2066,,654,3162,3675,,3515,,3222,3184,
,2063,,663,3190,3713,,3535,,3214,3213,
,2059,,649,3184,3682,,3509,,3215,3183,
,2079,,645,3157,3675,,3575,,3218,3186,
,2078,,673,3187,3723,,3546,,3213,3197,
,2085,,657,3227,3687,,3520,,3207,3181,
,2058,,655,3181,3690,,3553,,3219,3193,
,2061,,655,3202,3728,,3559,,3209,3184,
,2113,,644,3208,3664,,3505,,3213,3183,
,2063,,679,3212,3747,,3482,,3218,3190,
,2064,,649,3176,3703,,3536,,3216,3190,
,2062,,659,3177,3723,,3504,,3243,3175,
,2061,,667,3228,3721,,3522,,3213,3186,
,2059,,627,3193,3671,,3568,,3210,3165,
,2065,,634,3189,3712,,3521,,3216,3190,
,2062,,649,3202,3714,,3535,,3227,3189,
,2060,,688,3200,3703,,3531,,3206,3158,
,2076,,688,3198,3664,,3559,,3213,3167,
,2088,,757,3216,3744,,3519,,3227,3210,
,2070,,832,3249,3708,,3495,,3213,3203,
,2081,,880,3169,3667,,3520,,3217,3178,
,2073,,806,3209,3750,,3525,,3239,3194,
,2058,,823,3235,3683,,3557,,3211,3200,
,2061,,785,3213,3654,,3521,,3219,3177,
,2093,,785,3197,3683,,3542,,3219,3195,
,2063,,788,3193,3668,,3514,,3212,3175,
,2069,,767,3222,3719,,3536,,3207,3181,
,1940,,785,3186,3701,,3551,,3213,3175,
,2057,,826,3197,3663,,3577,,3210,3185,
,2097,,799,3217,3731,,3518,,3211,3193,
,2064,,752,3195,3741,,3519,,3219,3175,
,2064,,733,3215,3699,,3539,,3226,3184,
,2064,,707,3222,3683,,3563,,3210,3179,
,2071,,711,3199,3775,,3511,,3221,3173,
,2058,,733,3209,3677,,3536,,3211,3184,
,2126,,752,3195,3665,,3555,,3216,3181,
,2075,,762,3226,3767,,3479,,3211,3218,
,2062,,762,3275,3680,,3474,,3225,3195,
,2083,,766,3216,3697,,3555,,3211,3238,
,2064,,755,3248,3703,,3472,,3214,3202,
,2061,,723,3237,3651,,3483,,3211,3201,
,2064,,743,3204,3712,,3533,,3215,3195,
,2063,,752,3216,3670,,3503,,3212,3184,
,2061,,790,3257,3745,,3504,,,3191,
,2061,,758,3210,3749,,3526,,,3200,
,2058,,752,3211,3670,,3499,,,3191,
,2068,,758,3253,3692,,3525,,,3197,
,2069,,752,3200,3739,,3499,,,3183,
,2066,,752,3198,3667,,3537,,,3184,
,2062,,755,3207,3696,,3559,,,3196,
,2061,,772,3187,3745,,3510,,,3179,
,2064,,771,3241,3675,,3484,,,3188,
,2078,,761,3217,3665,,3539,,,3239,
,2059,,761,3259,3703,,3493,,,3187,
,2063,,793,3272,3663,,3488,,,3197,
,2069,,766,3248,3765,,3539,,,3196,
,2063,,800,3183,3665,,3478,,,3214,
,2058,,783,3145,3738,,3485,,,3187,
,2059,,784,3163,3728,,3504,,,3209,
,2055,,828,3162,3677,,3493,,,3203,
,2059,,811,3206,3723,,3469,,,3191,
,2087,,806,3162,3650,,3533,,,3182,
,2064,,798,3152,3695,,3537,,,3216,
,2060,,811,3207,3701,,3504,,,3185,
,2054,,796,3152,3792,,3511,,,3181,
,2058,,798,3153,3681,,3519,,,3180,
,2059,,809,3180,3663,,3557,,,3174,
,2075,,790,3183,3770,,3498,,,3182,
,2067,,811,3136,3728,,3501,,,3212,
,2073,,798,3138,3701,,3555,,,3206,
,2070,,797,3179,3760,,3501,,,3200,
,2059,,817,3174,3714,,3543,,,3198,
,2075,,796,3145,3776,,3514,,,3216,
,2064,,814,3118,3760,,3490,,,3196,
,2060,,807,3181,3728,,3567,,,3247,
,2069,,795,3159,3722,,3485,,,3201,
,2053,,799,3223,3766,,3530,,,3206,
,2079,,797,3199,3706,,3522,,,3181,
,2062,,809,3166,3728,,3516,,,3179,
,2065,,813,3163,3717,,3549,,,3177,
,2063,,823,3193,3667,,3558,,,3184,
,2087,,799,3152,3743,,3501,,,3178,
,2061,,815,3157,3732,,3493,,,3175,
,2064,,827,3213,3690,,3534,,,3179,
,2064,,805,3199,3739,,3502,,,3169,
,2064,,805,3241,3691,,3505,,,3173,
,2090,,815,3184,3718,,3561,,,3170,
,2090,,807,3210,3765,,3489,,,3166,
,2064,,812,3200,3758,,3547,,,3203,
,2091,,802,3183,3755,,3543,,,3206,
,2065,,799,3165,3798,,3539,,,3206,
,2064,,798,3207,3729,,3554,,,3202,
,2062,,800,3223,3724,,3513,,,3165,
,2064,,818,3159,3754,,3536,,,3227,
,2066,,802,3199,3679,,3569,,,3218,
,2066,,815,3136,3767,,3536,,,3215,
,2065,,789,3137,3683,,3523,,,3213,
,2064,,800,3163,3719,,3568,,,3205,
,2067,,793,3138,3783,,3531,,,3203,
,2067,,813,3153,3675,,3529,,,3203,
,2061,,816,3174,3715,,3559,,,3202,
,2067,,814,3187,3767,,3533,,,3201,
,2064,,811,3175,3759,,3536,,,3201,
,2079,,816,3153,3698,,3546,,,3200,
,2093,,802,3148,3247,,3550,,,3197,
,2064,,644,3180,3728,,3535,,,3199,
,2085,,823,3153,3647,,3526,,,3225,
,2062,,810,3138,3689,,3536,,,3200,
,2067,,815,3183,3777,,3563,,,3195,
,2065,,814,3126,3654,,3504,,,3214,
,2070,,795,3126,3663,,3520,,,3216,
,2063,,810,3167,3759,,3555,,,3200,
,2064,,815,3156,3648,,3520,,,3207,
,2067,,800,3152,3674,,3524,,,3223,
,2064,,816,3164,3694,,3553,,,3213,
,2063,,803,3167,3655,,3478,,,3199,
,2068,,801,3174,3658,,3562,,,3206,
,2066,,831,3170,3661,,3550,,,3212,
,2079,,809,3178,3694,,3557,,,3213,
,2075,,803,3157,3583,,3546,,,3213,
,2074,,817,3138,3680,,3536,,,3232,
,2081,,807,3135,3633,,3527,,,3216,
,2064,,820,3187,3730,,3557,,,3211,
,2063,,821,3143,3655,,3510,,,3230,
,2064,,818,3184,3690,,3511,,,3244,
,2065,,822,3165,3759,,3583,,,3200,
,2065,,807,3109,3675,,3525,,,3252,
,2064,,806,3152,3667,,3511,,,3237,
,2064,,807,3263,3745,,3557,,,3229,
,2062,,816,3137,3669,,3485,,,3237,
,2062,,810,3157,4095,,3536,,,3234,
,2060,,810,3158,3648,,3557,,,3236,
,2080,,805,3157,3547,,3634,,,3238,
,2064,,810,3155,3728,,3457,,,3222,
,2066,,815,3153,3689,,3539,,,3227,
,2073,,817,3171,3685,,3528,,,3229,
,2059,,810,3167,3707,,3521,,,3231,
,2077,,833,3143,3728,,3520,,,3248,
,2069,,834,3147,3637,,3495,,,3224,
,2055,,823,3145,3659,,3537,,,3234,
,2093,,809,3125,3711,,3516,,,3226,
,2063,,791,3159,,,3504,,,3219,
,2064,,823,3176,,,3583,,,3231,
,2061,,816,3143,,,3472,,,3231,
,2061,,809,3231,,,3514,,,3248,
,2064,,806,3204,,,3534,,,3229,
,2069,,805,3184,,,3583,,,3223,
,2062,,801,3165,,,3537,,,3231,
,2064,,810,3216,,,3551,,,3237,
,2071,,818,3159,,,3517,,,3229,
,2063,,800,3178,,,3521,,,3223,
,2064,,810,3163,,,3536,,,3216,
,1904,,813,3187,,,3487,,,3218,
,2062,,801,3182,,,3534,,,3200,
,2064,,807,3166,,,3504,,,3232,
,2055,,805,3181,,,3503,,,3189,
,2059,,825,3167,,,3583,,,3208,
,2062,,803,3150,,,3486,,,3202,
,2060,,798,3163,,,3527,,,3217,
,2065,,826,3187,,,3583,,,3206,
,2063,,815,3167,,,3563,,,3214,
,2061,,816,3168,,,3520,,,3221,
,2067,,805,3207,,,3563,,,3203,
,2082,,803,3214,,,3561,,,3203,
,2064,,802,3174,,,3514,,,3229,
,2062,,820,3287,,,3527,,,3219,
,2084,,801,3178,,,3536,,,3212,
,2063,,800,3158,,,3566,,,3230,
,2063,,802,3183,,,3518,,,3243,
,2064,,801,3147,,,3508,,,3214,
,2064,,811,3198,,,3571,,,3248,
,2062,,803,3133,,,3505,,,3209,
,2062,,799,3158,,,3492,,,3213,
,2073,,816,3183,,,3577,,,3226,
,2069,,801,3138,,,3550,,,3221,
,2063,,806,3155,,,3489,,,3216,
,2063,,816,3202,,,3540,,,3216,
,2062,,819,3209,,,3517,,,3218,
,2063,,802,3159,,,3523,,,3216,
,2061,,831,3174,,,3536,,,3221,
,2079,,797,3187,,,3818,,,3215,
,2064,,803,3179,,,3488,,,3225,
,2061,,833,3202,,,3583,,,3223,
,2063,,812,3159,,,3489,,,3210,
,2086,,798,3145,,,3506,,,3222,
,2064,,816,3165,,,3518,,,3216,
,2064,,837,3162,,,3490,,,3204,
,2085,,802,3201,,,3298,,,3200,
,2064,,793,3131,,,3550,,,3210,
,2064,,796,3167,,,3504,,,3209,
,2069,,798,3179,,,3485,,,3211,
,2063,,802,3154,,,3542,,,3216,
,2060,,799,3163,,,3518,,,3207,
,2079,,830,3360,,,3490,,,3227,
,2059,,805,3185,,,3495,,,3206,
,2070,,832,3145,,,3515,,,3210,
,2063,,843,3193,,,3490,,,3216,
,2063,,804,3159,,,3486,,,3201,
,2059,,944,3131,,,3617,,,3219,
,2061,,830,3185,,,3501,,,3219,
,2059,,802,3152,,,3501,,,3200,
,2064,,807,3143,,,3543,,,3227,
,2064,,809,3151,,,3490,,,3225,
,2074,,801,3150,,,3477,,,3242,
,2064,,802,3159,,,3484,,,3219,
,2064,,801,3143,,,3526,,,3239,
,2062,,787,3163,,,3504,,,3210,
,2096,,813,3182,,,3486,,,3229,
,2058,,815,3195,,,3494,,,3216,
,2059,,806,3200,,,3507,,,3202,
,2061,,805,3249,,,3500,,,3229,
,2064,,806,3199,,,3482,,,3217,
,2058,,832,3177,,,3566,,,3220,
,2067,,819,3238,,,3503,,,3211,
,2064,,827,3184,,,3504,,,3206,
,2067,,803,3183,,,3520,,,3243,
,2065,,808,3024,,,3493,,,3231,
,2064,,803,3166,,,3504,,,3211,
,2080,,826,3215,,,3499,,,3229,
,2062,,811,3166,,,3519,,,3232,
,2066,,806,3191,,,3511,,,3223,
,2054,,808,3195,,,3501,,,3210,
,2075,,833,3143,,,3533,,,3211,
,2057,,806,3127,,,3612,,,3213,
,2058,,801,3169,,,3503,,,3210,
,2064,,805,3174,,,3527,,,3205,
,2079,,818,3173,,,3527,,,3210,
,2061,,821,3152,,,3510,,,3225,
,2055,,831,3170,,,3509,,,3231,
,2060,,821,3199,,,3559,,,3215,
,2067,,801,3179,,,3523,,,3227,
,2070,,831,3156,,,3494,,,3226,
,2064,,815,3221,,,3518,,,3207,
,2059,,803,3170,,,3558,,,3215,
,2058,,799,3161,,,3519,,,3219,
,2062,,806,3217,,,3522,,,3243,
,2064,,822,3161,,,3563,,,3229,
,2078,,822,3185,,,3504,,,3216,
,2061,,811,3177,,,3523,,,3263,
,2064,,828,3191,,,3503,,,3235,
,2064,,801,3183,,,3553,,,3213,
,2080,,823,3179,,,3490,,,3215,
,2062,,804,3200,,,3499,,,3216,
,2063,,811,3199,,,3555,,,3217,
,2064,,816,3163,,,3505,,,3215,
,2076,,809,3181,,,3503,,,3213,
,2062,,806,3203,,,3520,,,3215,
,2064,,821,3174,,,3607,,,3221,
,2062,,804,3159,,,3511,,,3230,
,2080,,811,3235,,,3497,,,3219,
,2060,,802,3163,,,3543,,,3230,
,2067,,803,3195,,,3504,,,3227,
,2065,,805,3226,,,3504,,,3237,
,2070,,831,3174,,,3482,,,3236,
,2064,,810,3216,,,3520,,,3211,
,2064,,816,3187,,,3500,,,3217,
,2064,,819,3233,,,3491,,,3214,
,2064,,805,3185,,,3568,,,3214,
,2058,,816,3177,,,3497,,,3211,
,1993,,800,3189,,,3472,,,3206,
,2064,,806,3222,,,3565,,,3214,
,2060,,829,3183,,,3499,,,3227,
,2057,,805,3166,,,3504,,,3232,
,2064,,813,3250,,,3511,,,3216,
,2066,,830,3167,,,3547,,,3221,
,2063,,808,3191,,,3536,,,3246,
,2060,,801,3222,,,3504,,,3229,
,2082,,801,3182,,,3537,,,3226,
,2064,,807,3187,,,3478,,,3223,
,2063,,800,3211,,,3498,,,3223,
,2069,,818,3219,,,3491,,,3244,
,2065,,803,3167,,,3538,,,3223,
,2064,,816,3178,,,3487,,,3212,
,2096,,826,3213,,,3499,,,3243,
,2064,,800,3199,,,3596,,,3262,
,2067,,832,3175,,,3487,,,3216,
,2064,,799,3199,,,3472,,,3233,
,2064,,802,3391,,,3479,,,3210,
,2059,,832,3189,,,3535,,,3214,
,2058,,802,3204,,,3477,,,3234,
,2061,,803,3243,,,3506,,,3216,
,2069,,827,3184,,,3569,,,3219,
,2079,,801,3196,,,3536,,,3229,
,2064,,805,3259,,,3495,,,3223,
,2072,,811,3183,,,3515,,,3222,
,2091,,803,3177,,,3537,,,3217,
,2062,,781,3184,,,3491,,,3221,
,2074,,816,3198,,,3499,,,3217,
,2077,,807,3204,,,3549,,,3229,
,2063,,815,3173,,,3495,,,3212,
,2065,,832,3715,,,3490,,,3229,
,2063,,817,3183,,,3504,,,3221,
,2063,,819,3249,,,3567,,,3215,
,2074,,816,3184,,,3499,,,3232,
,2064,,806,3195,,,3486,,,3217,
,2077,,834,3185,,,3543,,,3199,
,1918,,802,3190,,,3543,,,3250,
,2064,,811,3186,,,3488,,,3238,
,2064,,816,3174,,,3511,,,3216,
,2067,,818,3184,,,3485,,,3209,
,2064,,808,3217,,,3501,,,3230,
,2065,,801,3237,,,3485,,,3218,
,2065,,809,3181,,,3568,,,3228,
,2064,,809,3197,,,3474,,,3243,
,2083,,808,3258,,,3503,,,3220,
,2064,,805,3193,,,,,,3235,
,2064,,806,3280,,,,,,3218,
,2093,,819,3193,,,,,,3231,
,2080,,806,3199,,,,,,3232,
,2065,,823,3203,,,,,,3223,
,2239,,826,3175,,,,,,3225,
,2082,,798,3183,,,,,,3216,
,2064,,843,3189,,,,,,3217,
,2082,,806,3184,,,,,,3237,
,2047,,806,3182,,,,,,3219,
,2084,,823,3203,,,,,,3229,
,2065,,812,3178,,,,,,3222,
,2064,,817,3184,,,,,,3242,
,2062,,798,3193,,,,,,3214,
,2069,,807,3166,,,,,,3259,
,2064,,807,3232,,,,,,3213,
,2112,,807,3229,,,,,,3216,
,2064,,835,3181,,,,,,3248,
,2083,,806,3222,,,,,,3238,
,2064,,823,3195,,,,,,3223,
,2071,,810,3190,,,,,,3220,
,2064,,817,3203,,,,,,3215,
,2078,,809,3221,,,,,,3229,
,2066,,845,3210,,,,,,3214,
,2075,,815,3214,,,,,,3226,
,2065,,816,3226,,,,,,3226,
,2074,,826,3199,,,,,,3216,
,2068,,800,3213,,,,,,3216,
,2056,,813,3199,,,,,,3233,
,2081,,826,3227,,,,,,3218,
,2083,,804,3219,,,,,,3223,
,2064,,817,3206,,,,,,3232,
,2064,,829,3280,,,,,,3203,
,2093,,804,3215,,,,,,3221,
,2064,,818,3216,,,,,,3219,
,2064,,809,3232,,,,,,3216,
,2064,,826,3217,,,,,,3226,
,2079,,816,3233,,,,,,3216,
,2064,,806,3211,,,,,,3216,
,2064,,816,3207,,,,,,3230,
,2064,,815,3211,,,,,,3215,
,2064,,802,3234,,,,,,3227,
,2073,,826,3200,,,,,,3246,
,2087,,822,3203,,,,,,3226,
,2058,,811,3254,,,,,,3215,
,2061,,811,3189,,,,,,3243,
,2061,,832,3226,,,,,,3234,
,2064,,802,3264,,,,,,3233,
,2064,,816,3210,,,,,,3231,
,2081,,833,3243,,,,,,3215,
,2064,,811,3043,,,,,,3229,
,2064,,829,3228,,,,,,3216,
,2064,,819,3193,,,,,,3215,
,2147,,818,3207,,,,,,3246,
,2064,,815,3226,,,,,,3217,
,2064,,811,3209,,,,,,3217,
,2069,,824,3185,,,,,,3248,
,2063,,851,3207,,,,,,3216,
,2064,,816,3233,,,,,,3230,
,2066,,806,3215,,,,,,3236,
,2083,,829,3248,,,,,,3238,
,2068,,806,3223,,,,,,3143,
,2082,,831,3186,,,,,,3230,
,2065,,832,3243,,,,,,3238,
,2080,,806,3225,,,,,,3217,
,2064,,806,3219,,,,,,3216,
,2085,,834,3280,,,,,,3223,
,2064,,809,3211,,,,,,3216,
,2064,,816,3191,,,,,,3216,
,2065,,820,3188,,,,,,3252,
,2064,,827,3205,,,,,,3226,
,2069,,826,3184,,,,,,3216,
,2064,,809,3199,,,,,,3255,
,2064,,821,3201,,,,,,3216,
,2064,,830,3217,,,,,,3225,
,2061,,816,3187,,,,,,3233,
,2070,,807,3199,,,,,,3184,
,2063,,822,3186,,,,,,3239,
,2067,,805,3281,,,,,,3216,
,2095,,804,3237,,,,,,3217,
,2064,,832,3248,,,,,,3216,
,2064,,805,3243,,,,,,3228,
,2065,,815,3207,,,,,,3216,
,2096,,816,3267,,,,,,3229,
,2068,,803,3225,,,,,,3215,
,2082,,816,3234,,,,,,3216,
,2071,,816,3248,,,,,,3229,
,2073,,835,3229,,,,,,3215,
,2066,,822,3226,,,,,,3255,
,2094,,816,3243,,,,,,3228,
,2067,,802,3259,,,,,,3218,
,2065,,835,3270,,,,,,3237,
,2067,,816,3216,,,,,,3241,
,2064,,810,3207,,,,,,3216,
,2064,,844,3262,,,,,,3232,
,2064,,810,3259,,,,,,3218,
,2065,,811,3247,,,,,,3216,
,2066,,837,3297,,,,,,3217,
,2066,,810,3279,,,,,,3215,
,2064,,816,3249,,,,,,3215,
,2066,,821,3245,,,,,,3221,
,2064,,817,3244,,,,,,3239,
,2081,,820,3226,,,,,,3216,
,2064,,811,3229,,,,,,3244,
,2067,,829,3219,,,,,,3216,
,2060,,824,3229,,,,,,3216,
,2095,,784,3229,,,,,,3229,
,2074,,810,3227,,,,,,3216,
,2079,,830,3229,,,,,,3232,
,2064,,816,3222,,,,,,3234,
,2064,,811,3230,,,,,,3216,
,2082,,837,3242,,,,,,3229,
,2065,,811,3216,,,,,,3222,
,2065,,806,3223,,,,,,3216,
,2064,,838,3200,,,,,,3221,
,2068,,809,3211,,,,,,3212,
,2064,,815,3265,,,,,,3216,
,2071,,827,3207,,,,,,3230,
,2064,,830,3198,,,,,,3219,
,2064,,818,3259,,,,,,3221,
,2065,,807,3213,,,,,,3223,
,2070,,819,3262,,,,,,3219,
,2096,,826,3251,,,,,,3217,
,2065,,803,3202,,,,,,3259,
,2067,,806,3248,,,,,,3218,
,2079,,832,3214,,,,,,3234,
,2087,,815,3193,,,,,,3235,
,2069,,812,3220,,,,,,3216,
,2074,,837,3230,,,,,,3243,
,2065,,809,3232,,,,,,3215,
,2104,,817,3230,,,,,,3216,
,2065,,835,3232,,,,,,3221,
,2063,,809,3265,,,,,,3221,
,2081,,831,3281,,,,,,3216,
,2133,,815,3217,,,,,,3219,
,2064,,817,3245,,,,,,3221,
,2058,,832,3271,,,,,,3215,
,2060,,811,3236,,,,,,3255,
,2069,,831,3261,,,,,,3216,
,2066,,853,3237,,,,,,3346,
,2061,,810,3211,,,,,,3215,
,2064,,810,3249,,,,,,3216,
,2074,,848,3362,,,,,,3241,
,2076,,807,3238,,,,,,3216,
,2074,,811,3232,,,,,,3212,
,2084,,848,3239,,,,,,3231,
,2057,,823,3209,,,,,,3217,
,2083,,835,3215,,,,,,3215,
,2059,,832,3216,,,,,,3215,
,2065,,831,3219,,,,,,3216,
,2090,,826,3275,,,,,,3215,
,2063,,807,3216,,,,,,3216,
,2064,,829,3270,,,,,,3221,
,2074,,814,3263,,,,,,3213,
,2066,,805,3251,,,,,,3213,
,2063,,811,3268,,,,,,3248,
,2061,,832,3315,,,,,,3215,
,2065,,804,3239,,,,,,3216,
,2064,,804,3275,,,,,,3193,
,2078,,833,3275,,,,,,3218,
,2061,,806,3233,,,,,,3215,
,2075,,819,3235,,,,,,3214,
,2067,,827,3253,,,,,,3216,
,2079,,802,3258,,,,,,3109,
,2079,,816,3216,,,,,,3213,
,2064,,811,3226,,,,,,3215,
,2064,,823,3235,,,,,,3247,
,2095,,831,3274,,,,,,3212,
,2064,,807,3247,,,,,,3217,
,2065,,814,3275,,,,,,3234,
,2074,,851,3268,,,,,,3216,
,2078,,804,3248,,,,,,3198,
,2074,,833,3277,,,,,,3210,
,2063,,848,3280,,,,,,3235,
,2064,,803,3232,,,,,,3220,
,2070,,809,3242,,,,,,3216,
,2079,,833,3280,,,,,,3223,
,2064,,804,3248,,,,,,3216,
,2073,,803,3243,,,,,,3215,
,2074,,830,3267,,,,,,3216,
,2064,,803,3248,,,,,,3231,
,2082,,810,3241,,,,,,3215,
,2064,,816,3270,,,,,,3197,
,2075,,830,3264,,,,,,3261,
,2090,,816,3230,,,,,,3218,
,2064,,806,3279,,,,,,3215,
,2064,,816,3294,,,,,,3216,
,2077,,843,3197,,,,,,3216,
,2064,,821,3270,,,,,,3203,
,2064,,814,3264,,,,,,3216,
,2062,,823,3233,,,,,,3230,
,2063,,803,3280,,,,,,3213,
,2066,,803,3243,,,,,,3220,
,2064,,816,3270,,,,,,3233,
,2064,,807,3261,,,,,,3223,
,2069,,822,3242,,,,,,3219,
,2075,,822,3298,,,,,,3227,
,2063,,828,3223,,,,,,3234,
,2079,,816,3235,,,,,,3216,
,2064,,816,3282,,,,,,3216,
,2096,,816,3303,,,,,,3249,
,2087,,819,3237,,,,,,3206,
,2064,,805,3290,,,,,,3216,
,2065,,805,3293,,,,,,3216,
,2068,,832,3230,,,,,,3221,
,2064,,806,3311,,,,,,3216,
,2072,,805,3231,,,,,,3220,
,2061,,835,3273,,,,,,3225,
,2064,,804,3284,,,,,,3212,
,2071,,816,3248,,,,,,3216,
,2085,,832,3295,,,,,,3218,
,2067,,810,3274,,,,,,3213,
,2071,,825,3220,,,,,,3216,
,2092,,818,3285,,,,,,3219,
,1973,,822,3245,,,,,,3223,
,2064,,843,3230,,,,,,3214,
,2064,,816,3286,,,,,,3214,
,2060,,818,3275,,,,,,3229,
,2067,,861,3238,,,,,,3215,
,2069,,822,3273,,,,,,3218,
,2069,,832,3297,,,,,,3216,
,2064,,845,3251,,,,,,3216,
,2064,,821,3277,,,,,,3220,
,2064,,817,3254,,,,,,3251,
,2064,,839,3285,,,,,,3216,
,2085,,831,3258,,,,,,3227,
,2064,,825,3232,,,,,,3216,
,2090,,837,3310,,,,,,3237,
,2090,,839,3239,,,,,,3214,
,2067,,842,3233,,,,,,3214,
,2090,,825,3305,,,,,,3312,
,2066,,843,3239,,,,,,3216,
,2064,,842,3233,,,,,,3217,
,2061,,821,3302,,,,,,3216,
,2062,,822,3270,,,,,,3226,
,2064,,828,3234,,,,,,3217,
,2064,,841,3290,,,,,,3215,
,2063,,820,3255,,,,,,3242,
,2062,,822,3266,,,,,,3216,
,2067,,853,3266,,,,,,3216,
,2066,,820,3230,,,,,,3216,
,2064,,835,3308,,,,,,3223,
,2078,,815,3254,,,,,,3217,
,2063,,829,3221,,,,,,3216,
,2080,,846,3289,,,,,,3235,
,2089,,848,3279,,,,,,3217,
,2075,,832,3264,,,,,,3216,
,2071,,853,3298,,,,,,3219,
,2084,,835,3284,,,,,,3219,
,2064,,845,3311,,,,,,3217,
,2063,,850,3261,,,,,,3219,
,2065,,826,3255,,,,,,3219,
,2064,,829,3269,,,,,,3219,
,2064,,849,3264,,,,,,3220,
,2063,,823,3254,,,,,,2763,
,2064,,837,3275,,,,,,3219,
,2065,,831,3252,,,,,,3246,
,2066,,835,3247,,,,,,3226,
,2063,,832,3323,,,,,,3225,
,2096,,838,3246,,,,,,3218,
,2062,,831,3301,,,,,,3215,
,2071,,846,3312,,,,,,3216,
,2075,,847,3307,,,,,,3218,
,2067,,848,3271,,,,,,3223,
,2081,,856,3280,,,,,,3226,
,2063,,832,3305,,,,,,3216,
,2063,,845,3298,,,,,,3216,
,2066,,849,3312,,,,,,3217,
,2064,,829,3280,,,,,,3216,
,2064,,847,3308,,,,,,3216,
,2087,,829,3280,,,,,,3216,
,2064,,841,3270,,,,,,3241,
,2064,,848,3314,,,,,,3216,
,2071,,819,3280,,,,,,3217,
,2062,,829,3270,,,,,,3225,
,2064,,922,3281,,,,,,3216,
,2062,,847,3251,,,,,,3217,
,2063,,826,3303,,,,,,3215,
,2091,,843,3302,,,,,,3216,
,2064,,832,3301,,,,,,3234,
,1911,,828,3315,,,,,,3216,
,2099,,834,3245,,,,,,3149,
,2069,,825,3293,,,,,,3226,
,2064,,828,3331,,,,,,3216,
,2077,,844,3287,,,,,,3216,
,2064,,817,3280,,,,,,3209,
,2061,,897,3297,,,,,,3216,
,2066,,832,3216,,,,,,3241,
,2065,,827,3283,,,,,,3231,
,2066,,850,3341,,,,,,3215,
,2064,,848,3267,,,,,,3229,
,2064,,827,3302,,,,,,3213,
,2061,,853,3333,,,,,,3223,
,2062,,858,3273,,,,,,3214,
,2064,,829,3275,,,,,,3231,
,2086,,857,3280,,,,,,3194,
,2064,,829,3279,,,,,,3212,
,2064,,832,3326,,,,,,3216,
,2097,,843,3280,,,,,,3219,
,2061,,826,3275,,,,,,3207,
,2063,,873,3334,,,,,,3214,
,2067,,836,3238,,,,,,3210,
,2063,,783,3252,,,,,,3216,
,2061,,848,3322,,,,,,3165,
,2066,,828,3247,,,,,,3216,
,2062,,831,3269,,,,,,3203,
,2063,,835,3321,,,,,,3238,
,2063,,832,3239,,,,,,3216,
,2064,,832,3312,,,,,,3211,
,2047,,848,3264,,,,,,3213,
,2059,,836,3297,,,,,,3211,
,2075,,631,3315,,,,,,3213,
,2078,,830,3262,,,,,,3216,
,2058,,846,3312,,,,,,3226,
,2062,,830,3327,,,,,,3215,
,2085,,827,3190,,,,,,3210,
,2063,,836,3084,,,,,,3223,
,2064,,849,3233,,,,,,3233,
,2066,,829,3222,,,,,,3215,
,2064,,830,3331,,,,,,3215,
,2064,,832,3280,,,,,,3214,
,2080,,880,3280,,,,,,3679,
,2062,,854,3327,,,,,,3216,
,2064,,827,3274,,,,,,3238,
,2074,,830,3293,,,,,,3216,
,2064,,848,3297,,,,,,3211,
,2064,,832,3283,,,,,,3214,
,2070,,853,3303,,,,,,3219,
,1938,,838,3254,,,,,,3207,
,2093,,830,3240,,,,,,3207,
,2064,,842,3275,,,,,,3216,
,2075,,835,3260,,,,,,3213,
,2082,,837,3255,,,,,,3203,
,2065,,855,3317,,,,,,3205,
,2065,,831,3248,,,,,,3228,
,2080,,832,3244,,,,,,3202,
,2065,,833,3328,,,,,,3214,
,2066,,831,3251,,,,,,3216,
,2078,,834,3264,,,,,,3207,
,2061,,850,3328,,,,,,3206,
,2064,,835,3245,,,,,,3222,
,2061,,850,3303,,,,,,3206,
,2046,,843,3227,,,,,,3213,
,2064,,836,3250,,,,,,3211,
,2060,,848,3287,,,,,,3215,
,2062,,832,3250,,,,,,3207,
,2085,,834,3217,,,,,,3209,
,2064,,833,3346,,,,,,3204,
,2068,,834,3248,,,,,,3205,
,2071,,834,3271,,,,,,3207,
,2061,,830,3361,,,,,,3210,
,2064,,835,3279,,,,,,3213,
,2095,,832,3274,,,,,,3203,
,2063,,835,3338,,,,,,3216,
,2064,,835,3247,,,,,,3207,
,2077,,834,3286,,,,,,3207,
,2064,,835,3312,,,,,,3203,
,2064,,843,3226,,,,,,3248,
,2064,,843,3307,,,,,,3201,
,2065,,832,3285,,,,,,3210,
,2066,,837,3251,,,,,,3205,
,2062,,843,3258,,,,,,3207,
,2060,,848,3238,,,,,,3205,
,2077,,836,3282,,,,,,3222,
,2058,,848,3279,,,,,,3201,
,2063,,879,3294,,,,,,3203,
,2081,,833,3254,,,,,,3211,
,2059,,834,3344,,,,,,3207,
,2061,,854,3293,,,,,,,
,2075,,848,3313,,,,,,,
,2065,,837,3349,,,,,,,
,2061,,838,3287,,,,,,,
,2090,,839,3294,,,,,,,
,2063,,835,3292,,,,,,,
,2062,,835,3270,,,,,,,
,2063,,837,3294,,,,,,,
,2058,,848,3259,,,,,,,
,2058,,837,3269,,,,,,,
,2062,,838,3305,,,,,,,
,2071,,833,3259,,,,,,,
,2082,,848,3246,,,,,,,
,2064,,862,3348,,,,,,,
,2065,,835,3259,,,,,,,
,2067,,1165,3263,,,,,,,
,2064,,837,3327,,,,,,,
,2064,,835,3241,,,,,,,
,2070,,837,3291,,,,,,,
,2073,,853,3279,,,,,,,
,2064,,839,3248,,,,,,,
,2090,,858,3328,,,,,,,
,2065,,835,3275,,,,,,,
,2066,,835,3255,,,,,,,
,2068,,841,3298,,,,,,,
,2064,,817,3239,,,,,,,
,2064,,833,3264,,,,,,,
,2069,,834,3321,,,,,,,
,2065,,835,3225,,,,,,,
,2077,,835,3276,,,,,,,
,2065,,837,3376,,,,,,,
,2074,,832,3247,,,,,,,
,2093,,848,3341,,,,,,,
,2064,,835,3349,,,,,,,
,2064,,865,3312,,,,,,,
,2082,,835,3312,,,,,,,
,2086,,847,3323,,,,,,,
,2064,,834,3306,,,,,,,
,2075,,843,3311,,,,,,,
,2064,,835,3289,,,,,,,
,2066,,841,3309,,,,,,,
,2077,,833,3335,,,,,,,
,2064,,835,3262,,,,,,,
,2066,,833,3296,,,,,,,
,2069,,841,3299,,,,,,,
,2071,,835,3285,,,,,,,
,2070,,834,3258,,,,,,,
,2074,,834,3336,,,,,,,
,2063,,835,3270,,,,,,,
,2077,,833,3295,,,,,,,
,2066,,828,3339,,,,,,,
,2068,,833,3259,,,,,,,
,2080,,841,3319,,,,,,,
,2065,,845,3293,,,,,,,
,2066,,835,3255,,,,,,,
,2096,,836,3278,,,,,,,
,2071,,832,3257,,,,,,,
,2063,,854,3260,,,,,,,
,2068,,841,3308,,,,,,,
,2069,,848,3271,,,,,,,
,2065,,843,3248,,,,,,,
,2065,,889,3335,,,,,,,
,2066,,835,3259,,,,,,,
,2082,,854,3330,,,,,,,
,2070,,835,3350,,,,,,,
,2064,,832,3275,,,,,,,
,2071,,833,3344,,,,,,,
,1971,,833,3324,,,,,,,
,2064,,834,3273,,,,,,,
,2064,,838,3295,,,,,,,
,2066,,834,3247,,,,,,,
,2071,,833,3258,,,,,,,
,2096,,839,3284,,,,,,,
,2065,,841,3283,,,,,,,
,2064,,839,3265,,,,,,,
,2064,,834,3321,,,,,,,
,2063,,863,3265,,,,,,,
,2062,,850,3242,,,,,,,
,2071,,835,3303,,,,,,,
,2074,,832,3344,,,,,,,
,2082,,850,3315,,,,,,,
,2069,,833,3310,,,,,,,
,2064,,834,3307,,,,,,,
,2071,,834,3280,,,,,,,
,2064,,835,3317,,,,,,,
,2075,,834,3291,,,,,,,
,2087,,833,3310,,,,,,,
,2064,,865,3372,,,,,,,
,2064,,837,3275,,,,,,,
,2075,,854,3325,,,,,,,
,2064,,839,3369,,,,,,,
,2042,,708,3279,,,,,,,
,2079,,835,3312,,,,,,,
,2063,,833,3354,,,,,,,
,2068,,832,3349,,,,,,,
,2074,,855,3325,,,,,,,
,2066,,835,3351,,,,,,,
,2075,,833,3340,,,,,,,
,2065,,835,3361,,,,,,,
,2064,,861,3438,,,,,,,
,2086,,833,3305,,,,,,,
,2067,,834,3353,,,,,,,
,2063,,830,3309,,,,,,,
,2075,,835,3011,,,,,,,
,2070,,837,3279,,,,,,,
,2059,,,3280,,,,,,,
,2089,,,3290,,,,,,,
,2096,,,3279,,,,,,,
,2043,,,3319,,,,,,,
,2086,,,3375,,,,,,,
,2063,,,3327,,,,,,,
,2064,,,3296,,,,,,,
,2073,,,3286,,,,,,,
,2064,,,3299,,,,,,,
,2094,,,3312,,,,,,,
,2063,,,3276,,,,,,,
,2064,,,3271,,,,,,,
,2089,,,3277,,,,,,,
,2075,,,3297,,,,,,,
,2064,,,3309,,,,,,,
,2070,,,3337,,,,,,,
,2064,,,3339,,,,,,,
,2064,,,3315,,,,,,,
,2082,,,3374,,,,,,,
,2066,,,3312,,,,,,,
,2073,,,3373,,,,,,,
,2098,,,3344,,,,,,,
,2072,,,3280,,,,,,,
,2071,,,3280,,,,,,,
,2075,,,3275,,,,,,,
,2064,,,3249,,,,,,,
,2079,,,3259,,,,,,,
,2064,,,3290,,,,,,,
,2081,,,3263,,,,,,,
,2082,,,3290,,,,,,,
,2069,,,3258,,,,,,,
,2065,,,3263,,,,,,,
,2069,,,3301,,,,,,,
,2081,,,3280,,,,,,,
,2065,,,3333,,,,,,,
,2081,,,3349,,,,,,,
,2068,,,3284,,,,,,,
,2079,,,3314,,,,,,,
,2096,,,3263,,,,,,,
,2064,,,3276,,,,,,,
,2065,,,3311,,,,,,,
,2069,,,3282,,,,,,,
,2075,,,3274,,,,,,,
,2071,,,3315,,,,,,,
,2064,,,3270,,,,,,,
,2069,,,3295,,,,,,,
,2089,,,3312,,,,,,,
,2064,,,3270,,,,,,,
,2066,,,3307,,,,,,,
,2079,,,3317,,,,,,,
,2067,,,3275,,,,,,,
,2063,,,3344,,,,,,,
,2068,,,3357,,,,,,,
,2064,,,3322,,,,,,,
,2061,,,3319,,,,,,,
,2098,,,3311,,,,,,,
,2062,,,3297,,,,,,,
,2063,,,3318,,,,,,,
,2067,,,3307,,,,,,,
,2060,,,3316,,,,,,,
,2087,,,3344,,,,,,,
,2059,,,3308,,,,,,,
,2064,,,3310,,,,,,,
,2070,,,3339,,,,,,,
,2062,,,3271,,,,,,,
,2064,,,3328,,,,,,,
,2069,,,3349,,,,,,,
,2019,,,3257,,,,,,,
,2063,,,3345,,,,,,,
,2092,,,3309,,,,,,,
,2058,,,3306,,,,,,,
,2055,,,3267,,,,,,,
,2078,,,3291,,,,,,,
,2063,,,3310,,,,,,,
,2068,,,3311,,,,,,,
,2069,,,3294,,,,,,,
,2061,,,3279,,,,,,,
,2076,,,3318,,,,,,,
,2064,,,3303,,,,,,,
,2069,,,3266,,,,,,,
,2066,,,3339,,,,,,,
,2058,,,3315,,,,,,,
,2065,,,3326,,,,,,,
,2064,,,3303,,,,,,,
,2066,,,3279,,,,,,,
,2065,,,3355,,,,,,,
,2081,,,3286,,,,,,,
,2060,,,3311,,,,,,,
,2064,,,3315,,,,,,,
,2092,,,3285,,,,,,,
,2067,,,3273,,,,,,,
,2064,,,3345,,,,,,,
,2075,,,3297,,,,,,,
,2071,,,3281,,,,,,,
,2086,,,3373,,,,,,,
,2096,,,3315,,,,,,,
,2064,,,3359,,,,,,,
,2071,,,3344,,,,,,,
,2096,,,3324,,,,,,,
,2064,,,3331,,,,,,,
,2066,,,3316,,,,,,,
,2066,,,3312,,,,,,,
,2064,,,3305,,,,,,,
,2074,,,3316,,,,,,,
,2064,,,3327,,,,,,,
,2067,,,3326,,,,,,,
,2075,,,3327,,,,,,,
,2064,,,3341,,,,,,,
,2064,,,3406,,,,,,,
,2083,,,3313,,,,,,,
,2064,,,3335,,,,,,,
,2085,,,3395,,,,,,,
,2078,,,3341,,,,,,,
,2065,,,3376,,,,,,,
,2084,,,3357,,,,,,,
,2081,,,3303,,,,,,,
,2065,,,3361,,,,,,,
,2065,,,3309,,,,,,,
,2064,,,3318,,,,,,,
,2064,,,3311,,,,,,,
,2090,,,3305,,,,,,,
,2066,,,3333,,,,,,,
,2033,,,3374,,,,,,,
,2071,,,3326,,,,,,,
,2079,,,3343,,,,,,,
,2064,,,3381,,,,,,,
,2080,,,3319,,,,,,,
,2064,,,3361,,,,,,,
,2074,,,3346,,,,,,,
,2102,,,3379,,,,,,,
,2064,,,3376,,,,,,,
,2069,,,3343,,,,,,,
,2103,,,3333,,,,,,,
,2064,,,3325,,,,,,,
,2067,,,3338,,,,,,,
,2069,,,3350,,,,,,,
,2064,,,3338,,,,,,,
,2079,,,3365,,,,,,,
,2074,,,3325,,,,,,,
,2065,,,3353,,,,,,,
,2079,,,3392,,,,,,,
,2064,,,3324,,,,,,,
,2064,,,3342,,,,,,,
,2085,,,3341,,,,,,,
,2064,,,3361,,,,,,,
,2092,,,3356,,,,,,,
,2099,,,3369,,,,,,,
,2064,,,3332,,,,,,,
,2079,,,3341,,,,,,,
,2070,,,3339,,,,,,,
,2064,,,3344,,,,,,,
,2065,,,3358,,,,,,,
,2078,,,3358,,,,,,,
,2063,,,3395,,,,,,,
,2065,,,3342,,,,,,,
,2069,,,3365,,,,,,,
,2064,,,3361,,,,,,,
,2069,,,3373,,,,,,,
,2063,,,3322,,,,,,,
,2081,,,3376,,,,,,,
,2075,,,3351,,,,,,,
,2065,,,3312,,,,,,,
,2075,,,3378,,,,,,,
,2105,,,3333,,,,,,,
,2035,,,3338,,,,,,,
,2078,,,3358,,,,,,,
,2098,,,3345,,,,,,,
,2075,,,3313,,,,,,,
,2070,,,3377,,,,,,,
,2071,,,3344,,,,,,,
,2093,,,3334,,,,,,,
,2073,,,3382,,,,,,,
,2067,,,3345,,,,,,,
,2054,,,3370,,,,,,,
,2086,,,3341,,,,,,,
,2074,,,3360,,,,,,,
,2077,,,3387,,,,,,,
,2080,,,3338,,,,,,,
,2091,,,3363,,,,,,,
,2073,,,3365,,,,,,,
,2099,,,3344,,,,,,,
,2071,,,3372,,,,,,,
,2068,,,3386,,,,,,,
,2077,,,3329,,,,,,,
,2070,,,3357,,,,,,,
,2071,,,3344,,,,,,,
,2075,,,3318,,,,,,,
,2070,,,3341,,,,,,,
,2083,,,3327,,,,,,,
,2073,,,3312,,,,,,,
,2066,,,3329,,,,,,,
,2077,,,3360,,,,,,,
,2058,,,3358,,,,,,,
,2072,,,3381,,,,,,,
,2101,,,3344,,,,,,,
,2065,,,3328,,,,,,,
,2064,,,3363,,,,,,,
,2099,,,3344,,,,,,,
,2066,,,3336,,,,,,,
,2067,,,3345,,,,,,,
,2102,,,3323,,,,,,,
,2064,,,3322,,,,,,,
,2080,,,3366,,,,,,,
,2083,,,3324,,,,,,,
,2128,,,3347,,,,,,,
,2064,,,3347,,,,,,,
,2097,,,3069,,,,,,,
,2070,,,3312,,,,,,,
,2066,,,3363,,,,,,,
,2075,,,3398,,,,,,,
,2085,,,3344,,,,,,,
,2069,,,3339,,,,,,,
,2065,,,3429,,,,,,,
,2073,,,3359,,,,,,,
,2078,,,3327,,,,,,,
,2064,,,3438,,,,,,,
,2063,,,3345,,,,,,,
,2064,,,3372,,,,,,,
,2061,,,3381,,,,,,,
,2064,,,3312,,,,,,,
,2071,,,3360,,,,,,,
,2067,,,3365,,,,,,,
,2064,,,3354,,,,,,,
,2087,,,3408,,,,,,,
,2080,,,3320,,,,,,,
,2074,,,3365,,,,,,,
,2070,,,3381,,,,,,,
,2071,,,3247,,,,,,,
,2070,,,3340,,,,,,,
,2064,,,3405,,,,,,,
,2065,,,3355,,,,,,,
,2080,,,3344,,,,,,,
,2063,,,3412,,,,,,,
,2063,,,3312,,,,,,,
,2071,,,3328,,,,,,,
,2063,,,3339,,,,,,,
,2083,,,3307,,,,,,,
,2098,,,3373,,,,,,,
,2063,,,3335,,,,,,,
,2063,,,3327,,,,,,,
,2090,,,3375,,,,,,,
,1867,,,3378,,,,,,,
,2067,,,3330,,,,,,,
,2070,,,3403,,,,,,,
,2086,,,3348,,,,,,,
,2079,,,3369,,,,,,,
,2070,,,3414,,,,,,,
,2086,,,3312,,,,,,,
,2069,,,3332,,,,,,,
,2064,,,3375,,,,,,,
,2091,,,3319,,,,,,,
,2065,,,3402,,,,,,,
,2064,,,3374,,,,,,,
,2070,,,3363,,,,,,,
,2065,,,3391,,,,,,,
,2064,,,3355,,,,,,,
,2047,,,3359,,,,,,,
,2064,,,3379,,,,,,,
,2062,,,3334,,,,,,,
,2065,,,3333,,,,,,,
,2065,,,3411,,,,,,,
,2083,,,3358,,,,,,,
,2064,,,3280,,,,,,,
,2064,,,3412,,,,,,,
,2080,,,3351,,,,,,,
,2066,,,3357,,,,,,,
,1846,,,3387,,,,,,,
,2071,,,3356,,,,,,,
,2066,,,3381,,,,,,,
,2066,,,3339,,,,,,,
,2065,,,3361,,,,,,,
,2064,,,3410,,,,,,,
,2065,,,3346,,,,,,,
,2064,,,3392,,,,,,,
,2062,,,3427,,,,,,,
,2085,,,3376,,,,,,,
,2063,,,3405,,,,,,,
,2064,,,3463,,,,,,,
,2084,,,3364,,,,,,,
,2066,,,3376,,,,,,,
,2064,,,3422,,,,,,,
,2076,,,3184,,,,,,,
,2066,,,3433,,,,,,,
,2064,,,3392,,,,,,,
,2083,,,3362,,,,,,,
,2064,,,3398,,,,,,,
,2063,,,3366,,,,,,,
,2064,,,3392,,,,,,,
,2064,,,3394,,,,,,,
,2081,,,3349,,,,,,,
,2064,,,3364,,,,,,,
,2063,,,3405,,,,,,,
,2092,,,3396,,,,,,,
,2064,,,3376,,,,,,,
,2064,,,3477,,,,,,,
,2074,,,3387,,,,,,,
,2064,,,3365,,,,,,,
,2064,,,3443,,,,,,,
,2083,,,3361,,,,,,,
,2064,,,3398,,,,,,,
,2064,,,3408,,,,,,,
,2079,,,3366,,,,,,,
,2064,,,3383,,,,,,,
,2066,,,3371,,,,,,,
,2067,,,3373,,,,,,,
,2068,,,3398,,,,,,,
,2082,,,3381,,,,,,,
,2064,,,3406,,,,,,,
,2071,,,3446,,,,,,,
,2077,,,3376,,,,,,,
,2066,,,3379,,,,,,,
,2077,,,3449,,,,,,,
,2067,,,3369,,,,,,,
,2057,,,3423,,,,,,,
,2064,,,3437,,,,,,,
,2081,,,3373,,,,,,,
,2064,,,3392,,,,,,,
,2065,,,3413,,,,,,,
,2090,,,3362,,,,,,,
,2074,,,3390,,,,,,,
,2063,,,3378,,,,,,,
,2067,,,3391,,,,,,,
,2061,,,3502,,,,,,,
,2080,,,3377,,,,,,,
,2066,,,3395,,,,,,,
,2064,,,3440,,,,,,,
,2082,,,3388,,,,,,,
,2064,,,3385,,,,,,,
,2066,,,3435,,,,,,,
,2067,,,3418,,,,,,,
,2009,,,3439,,,,,,,
,2069,,,3406,,,,,,,
,2073,,,3390,,,,,,,
,2064,,,3431,,,,,,,
,2066,,,3382,,,,,,,
,2064,,,3408,,,,,,,
,2064,,,3390,,,,,,,
,2066,,,3408,,,,,,,
,2064,,,3387,,,,,,,
,2065,,,3342,,,,,,,
,2086,,,3399,,,,,,,
,2066,,,3351,,,,,,,
,2066,,,3392,,,,,,,
,2096,,,3419,,,,,,,
,2064,,,3398,,,,,,,
,2066,,,3479,,,,,,,
,2096,,,3414,,,,,,,
,2065,,,3409,,,,,,,
,2070,,,3421,,,,,,,
,2065,,,3357,,,,,,,
,2064,,,3374,,,,,,,
,2064,,,3440,,,,,,,
,2064,,,3409,,,,,,,
,2064,,,3430,,,,,,,
,2075,,,3424,,,,,,,
,2095,,,3394,,,,,,,
,2067,,,3462,,,,,,,
,2083,,,3376,,,,,,,
,2065,,,3399,,,,,,,
,2067,,,3437,,,,,,,
,2105,,,3383,,,,,,,
,2064,,,3447,,,,,,,
,2064,,,3478,,,,,,,
,2107,,,3394,,,,,,,
,2064,,,3427,,,,,,,
,2064,,,3462,,,,,,,
,2073,,,3397,,,,,,,
,2072,,,3363,,,,,,,
,2064,,,3407,,,,,,,
,2084,,,3375,,,,,,,
,2064,,,3453,,,,,,,
,2083,,,3400,,,,,,,
,2023,,,3391,,,,,,,
,2061,,,3454,,,,,,,
,2064,,,3409,,,,,,,
,2064,,,3433,,,,,,,
,2065,,,3549,,,,,,,
,2077,,,3392,,,,,,,
,2064,,,3441,,,,,,,
,2064,,,3484,,,,,,,
,2096,,,3413,,,,,,,
,2064,,,3423,,,,,,,
,2063,,,3486,,,,,,,
,2065,,,3413,,,,,,,
,2064,,,3511,,,,,,,
,2064,,,3379,,,,,,,
,2046,,,3378,,,,,,,
,2067,,,3395,,,,,,,
,2064,,,3386,,,,,,,
,2059,,,3391,,,,,,,
,2062,,,3458,,,,,,,
,2064,,,3376,,,,,,,
,2064,,,3454,,,,,,,
,2064,,,3440,,,,,,,
,2070,,,3395,,,,,,,
,2085,,,3456,,,,,,,
,2062,,,3515,,,,,,,
,2074,,,3467,,,,,,,
,2079,,,3421,,,,,,,
,2064,,,3461,,,,,,,
,2069,,,3399,,,,,,,
,2082,,,3426,,,,,,,
,2061,,,3457,,,,,,,
,2062,,,3408,,,,,,,
,2063,,,3476,,,,,,,
,2064,,,3440,,,,,,,
,2065,,,3408,,,,,,,
,2064,,,3474,,,,,,,
,2059,,,3413,,,,,,,
,2071,,,3472,,,,,,,
,2081,,,3451,,,,,,,
,2065,,,3469,,,,,,,
,2091,,,3419,,,,,,,
,2066,,,3435,,,,,,,
,2074,,,3455,,,,,,,
,2096,,,3421,,,,,,,
,2064,,,3472,,,,,,,
,2067,,,3441,,,,,,,
,2067,,,3440,,,,,,,
,2078,,,3490,,,,,,,
,2064,,,3406,,,,,,,
,2064,,,3397,,,,,,,
,2057,,,3455,,,,,,,
,2065,,,3457,,,,,,,
,2064,,,3392,,,,,,,
,2059,,,3456,,,,,,,
,2081,,,3449,,,,,,,
,2060,,,3445,,,,,,,
,2059,,,3472,,,,,,,
,2085,,,3353,,,,,,,
,2060,,,3478,,,,,,,
,2089,,,3408,,,,,,,
,2125,,,3419,,,,,,,
,2065,,,3582,,,,,,,
,2065,,,3428,,,,,,,
,2082,,,3420,,,,,,,
,2063,,,3527,,,,,,,
,2063,,,3427,,,,,,,
,2085,,,3421,,,,,,,
,2064,,,3481,,,,,,,
,2060,,,3492,,,,,,,
,2063,,,3455,,,,,,,
,2060,,,3471,,,,,,,
,2061,,,3442,,,,,,,
,2062,,,3534,,,,,,,
,2063,,,3419,,,,,,,
,2067,,,3447,,,,,,,
,2069,,,3515,,,,,,,
,2071,,,3429,,,,,,,
,2073,,,3449,,,,,,,
,2065,,,3446,,,,,,,
,2080,,,3305,,,,,,,
,2084,,,3461,,,,,,,
,2061,,,3504,,,,,,,
,2071,,,3479,,,,,,,
,2093,,,3498,,,,,,,
,2067,,,3495,,,,,,,
,2039,,,3489,,,,,,,
,2067,,,3472,,,,,,,
,2061,,,3509,,,,,,,
,2090,,,3424,,,,,,,
,2065,,,3505,,,,,,,
,2070,,,3438,,,,,,,
,2069,,,3427,,,,,,,
,2066,,,3467,,,,,,,
,2093,,,3414,,,,,,,
,2064,,,3398,,,,,,,
,2063,,,3484,,,,,,,
,2067,,,3446,,,,,,,
,2067,,,3472,,,,,,,
,2063,,,3487,,,,,,,
,2063,,,3501,,,,,,,
,2084,,,3520,,,,,,,
,2060,,,3439,,,,,,,
,2061,,,3423,,,,,,,
,2083,,,3491,,,,,,,
,1942,,,3431,,,,,,,
,2062,,,3446,,,,,,,
,2060,,,3466,,,,,,,
,2079,,,3450,,,,,,,
,2075,,,3489,,,,,,,
,2060,,,3476,,,,,,,
,2075,,,3409,,,,,,,
,2061,,,3475,,,,,,,
,2066,,,3487,,,,,,,
,2069,,,3504,,,,,,,
,2064,,,3548,,,,,,,
,2064,,,3445,,,,,,,
,2064,,,3482,,,,,,,
,2066,,,3521,,,,,,,
,2064,,,3440,,,,,,,
,2073,,,3413,,,,,,,
,2064,,,3470,,,,,,,
,1475,,,3418,,,,,,,
,2067,,,3409,,,,,,,
,2064,,,3479,,,,,,,
,2064,,,3407,,,,,,,
,2083,,,3424,,,,,,,
,2073,,,3442,,,,,,,
,2080,,,3495,,,,,,,
,2064,,,3517,,,,,,,
,2074,,,3482,,,,,,,
,2063,,,3517,,,,,,,
,2062,,,3517,,,,,,,
,2061,,,3442,,,,,,,
,2105,,,3429,,,,,,,
,2081,,,3496,,,,,,,
,2047,,,3408,,,,,,,
,2063,,,3429,,,,,,,
,2072,,,3513,,,,,,,
,2063,,,3473,,,,,,,
,2063,,,3475,,,,,,,
,2064,,,3506,,,,,,,
,2064,,,3433,,,,,,,
,2059,,,3461,,,,,,,
,2064,,,3447,,,,,,,
,2064,,,3481,,,,,,,
,2065,,,3483,,,,,,,
,2063,,,3425,,,,,,,
,2063,,,3440,,,,,,,
,2073,,,3504,,,,,,,
,2064,,,3440,,,,,,,
,2063,,,3449,,,,,,,
,2064,,,3510,,,,,,,
,2062,,,3440,,,,,,,
,2063,,,3500,,,,,,,
,2063,,,3488,,,,,,,
,2063,,,3436,,,,,,,
,2064,,,3495,,,,,,,
,2068,,,3475,,,,,,,
,2064,,,3484,,,,,,,
,2061,,,3515,,,,,,,
,2071,,,3454,,,,,,,
,2066,,,3478,,,,,,,
,2059,,,3518,,,,,,,
,2064,,,3472,,,,,,,
,2064,,,3457,,,,,,,
,2064,,,3501,,,,,,,
,2061,,,3434,,,,,,,
,2071,,,3431,,,,,,,
,2061,,,3470,,,,,,,
,2064,,,3440,,,,,,,
,2063,,,3479,,,,,,,
,2085,,,3450,,,,,,,
,2062,,,3431,,,,,,,
,2064,,,3493,,,,,,,
,2062,,,3381,,,,,,,
,2083,,,3490,,,,,,,
,2069,,,3519,,,,,,,
,2064,,,3440,,,,,,,
,2061,,,3435,,,,,,,
,2061,,,3537,,,,,,,
,2060,,,3456,,,,,,,
,2069,,,3453,,,,,,,
,2066,,,3472,,,,,,,
,2064,,,3461,,,,,,,
,2063,,,3469,,,,,,,
,2064,,,3443,,,,,,,
,2064,,,3443,,,,,,,
,2065,,,3485,,,,,,,
,2063,,,3423,,,,,,,
,2071,,,3479,,,,,,,
,2068,,,3487,,,,,,,
,2064,,,3417,,,,,,,
,2064,,,3487,,,,,,,
,2064,,,3466,,,,,,,
,2090,,,3440,,,,,,,
,2062,,,3503,,,,,,,
,2087,,,3472,,,,,,,
,2062,,,3427,,,,,,,
,2064,,,3504,,,,,,,
,2059,,,3487,,,,,,,
,2055,,,3453,,,,,,,
,2063,,,3520,,,,,,,
,2063,,,3461,,,,,,,
,2064,,,3498,,,,,,,
,2063,,,3520,,,,,,,
,2059,,,3463,,,,,,,
,2058,,,3486,,,,,,,
,2061,,,3505,,,,,,,
,2059,,,3505,,,,,,,
,2080,,,3479,,,,,,,
,2059,,,3526,,,,,,,
,2062,,,3473,,,,,,,
,2064,,,3502,,,,,,,
,2101,,,3538,,,,,,,
,2068,,,3467,,,,,,,
,2061,,,3510,,,,,,,
,2059,,,3516,,,,,,,
,2086,,,3479,,,,,,,
,2058,,,3504,,,,,,,
,2045,,,3530,,,,,,,
,2046,,,3538,,,,,,,
,2067,,,3555,,,,,,,
,2064,,,3504,,,,,,,
,2063,,,3504,,,,,,,
,2064,,,3519,,,,,,,
,2064,,,3453,,,,,,,
,2059,,,3461,,,,,,,
,2061,,,3534,,,,,,,
,2064,,,3462,,,,,,,
,2059,,,3541,,,,,,,
,2058,,,3522,,,,,,,
,2062,,,3466,,,,,,,
,2071,,,3504,,,,,,,
,2059,,,3515,,,,,,,
,2057,,,3517,,,,,,,
,2062,,,3538,,,,,,,
,2096,,,3510,,,,,,,
,2068,,,3504,,,,,,,
,2063,,,3536,,,,,,,
,2063,,,3438,,,,,,,
,2064,,,3485,,,,,,,
,2063,,,3527,,,,,,,
,2062,,,3477,,,,,,,
,2063,,,3498,,,,,,,
,2062,,,3495,,,,,,,
,2063,,,3425,,,,,,,
,2060,,,3505,,,,,,,
,2057,,,3504,,,,,,,
,2058,,,3504,,,,,,,
,2058,,,3529,,,,,,,
,2058,,,3453,,,,,,,
,2063,,,3524,,,,,,,
,2067,,,3521,,,,,,,
,2064,,,3447,,,,,,,
,2062,,,3426,,,,,,,
,2095,,,3472,,,,,,,
,2061,,,3442,,,,,,,
,2206,,,3518,,,,,,,
,2074,,,3514,,,,,,,
,2102,,,3449,,,,,,,
,2064,,,3487,,,,,,,
,2063,,,3723,,,,,,,
,2064,,,3509,,,,,,,
,2058,,,3466,,,,,,,
,2066,,,3520,,,,,,,
,2069,,,3511,,,,,,,
,2065,,,3441,,,,,,,
,2064,,,3486,,,,,,,
,2061,,,3427,,,,,,,
,2061,,,3423,,,,,,,
,2062,,,3481,,,,,,,
,2062,,,3433,,,,,,,
,2061,,,3481,,,,,,,
,2061,,,3479,,,,,,,
,2067,,,3508,,,,,,,
,2074,,,3538,,,,,,,
,2086,,,3536,,,,,,,
,2062,,,3485,,,,,,,
,2077,,,3520,,,,,,,
,2064,,,3511,,,,,,,
,2076,,,3438,,,,,,,
,2064,,,3535,,,,,,,
,2067,,,3456,,,,,,,
,2082,,,3471,,,,,,,
,2064,,,3504,,,,,,,
,2063,,,3457,,,,,,,
,2079,,,3454,,,,,,,
,2063,,,3469,,,,,,,
,2064,,,3470,,,,,,,
,2064,,,3498,,,,,,,
,2066,,,3478,,,,,,,
,2062,,,3472,,,,,,,
,2074,,,3567,,,,,,,
,2059,,,3514,,,,,,,
,2067,,,3469,,,,,,,
,2079,,,3507,,,,,,,
,2064,,,3482,,,,,,,
,2066,,,3487,,,,,,,
,2071,,,3481,,,,,,,
,2080,,,3439,,,,,,,
,2081,,,3514,,,,,,,
,2058,,,3477,,,,,,,
,2068,,,3454,,,,,,,
,2069,,,3457,,,,,,,
,2091,,,3614,,,,,,,
,2057,,,3412,,,,,,,
,2063,,,3520,,,,,,,
,2064,,,3526,,,,,,,
,2063,,,3477,,,,,,,
,2059,,,3575,,,,,,,
,2061,,,3532,,,,,,,
,2025,,,3475,,,,,,,
,2069,,,3551,,,,,,,
,2078,,,3455,,,,,,,
,2087,,,3459,,,,,,,
,2079,,,3605,,,,,,,
,2064,,,3529,,,,,,,
,2075,,,3552,,,,,,,
,2064,,,3504,,,,,,,
,2061,,,3467,,,,,,,
,2073,,,3529,,,,,,,
,2063,,,3539,,,,,,,
,2073,,,3455,,,,,,,
,2059,,,3506,,,,,,,
,2060,,,3509,,,,,,,
,2061,,,3509,,,,,,,
,2062,,,3529,,,,,,,
,2060,,,3481,,,,,,,
,2070,,,3473,,,,,,,
,2067,,,3517,,,,,,,
,2058,,,3499,,,,,,,
,2064,,,3495,,,,,,,
,2065,,,3495,,,,,,,
,2057,,,3503,,,,,,,
,2098,,,3539,,,,,,,
,2061,,,3783,,,,,,,
,2063,,,3478,,,,,,,
,2074,,,3536,,,,,,,
,2084,,,3546,,,,,,,
,2064,,,3515,,,,,,,
,2064,,,3566,,,,,,,
,2064,,,3538,,,,,,,
,2064,,,3515,,,,,,,
,2064,,,3567,,,,,,,
,2065,,,3504,,,,,,,
,2071,,,3503,,,,,,,
,2078,,,3523,,,,,,,
,2071,,,3476,,,,,,,
,2069,,,3497,,,,,,,
,2076,,,3501,,,,,,,
,2064,,,3509,,,,,,,
,2069,,,3504,,,,,,,
,2062,,,3543,,,,,,,
,2060,,,3470,,,,,,,
,2063,,,3561,,,,,,,
,2062,,,3508,,,,,,,
,2063,,,3450,,,,,,,
,2063,,,3583,,,,,,,
,2064,,,3509,,,,,,,
,2064,,,3559,,,,,,,
,2077,,,3570,,,,,,,
,2066,,,3502,,,,,,,
,2064,,,3459,,,,,,,
,2066,,,3520,,,,,,,
,2064,,,3486,,,,,,,
,2066,,,3543,,,,,,,
,2062,,,3510,,,,,,,
,2069,,,3513,,,,,,,
,2065,,,3438,,,,,,,
,2059,,,3507,,,,,,,
,2062,,,3502,,,,,,,
,2085,,,3568,,,,,,,
,2085,,,3538,,,,,,,
,2058,,,3506,,,,,,,
,2065,,,3603,,,,,,,
,2078,,,3505,,,,,,,
,2063,,,3521,,,,,,,
,2070,,,3493,,,,,,,
,2062,,,3516,,,,,,,
,2062,,,3474,,,,,,,
,2069,,,3472,,,,,,,
,2064,,,3551,,,,,,,
,2060,,,3581,,,,,,,
,2064,,,3548,,,,,,,
,2064,,,3539,,,,,,,
,2061,,,3578,,,,,,,
,2064,,,3542,,,,,,,
,2061,,,3522,,,,,,,
,2067,,,3533,,,,,,,
,2065,,,3475,,,,,,,
,2077,,,3550,,,,,,,
,2064,,,3520,,,,,,,
,2067,,,3479,,,,,,,
,2070,,,3497,,,,,,,
,2086,,,3499,,,,,,,
,2075,,,3531,,,,,,,
,2081,,,3550,,,,,,,
,2082,,,3598,,,,,,,
,2081,,,3520,,,,,,,
,2083,,,3583,,,,,,,
,2064,,,3583,,,,,,,
,2063,,,3559,,,,,,,
,2075,,,3583,,,,,,,
,2064,,,3478,,,,,,,
,2064,,,3515,,,,,,,
,2064,,,3540,,,,,,,
,2058,,,3523,,,,,,,
,2067,,,3536,,,,,,,
,2064,,,3534,,,,,,,
,2066,,,3504,,,,,,,
,2075,,,3563,,,,,,,
,2071,,,3517,,,,,,,
,2074,,,3515,,,,,,,
,2079,,,3606,,,,,,,
,2075,,,3519,,,,,,,
,2062,,,3558,,,,,,,
,2414,,,3625,,,,,,,
,2060,,,3568,,,,,,,
,2061,,,3504,,,,,,,
,2061,,,3615,,,,,,,
,2065,,,3533,,,,,,,
,2063,,,3569,,,,,,,
,2067,,,3537,,,,,,,
,2065,,,3529,,,,,,,
,2067,,,3543,,,,,,,
,2064,,,3503,,,,,,,
,2074,,,3567,,,,,,,
,2064,,,3601,,,,,,,
,2064,,,3537,,,,,,,
,2064,,,3577,,,,,,,
,2086,,,3633,,,,,,,
,2087,,,3535,,,,,,,
,2061,,,3541,,,,,,,
,2067,,,3599,,,,,,,
,2065,,,3557,,,,,,,
,2065,,,3491,,,,,,,
,2064,,,3574,,,,,,,
,2067,,,3523,,,,,,,
,2064,,,3533,,,,,,,
,2060,,,3524,,,,,,,
,2061,,,3555,,,,,,,
,2066,,,3568,,,,,,,
,2065,,,3550,,,,,,,
,2074,,,3551,,,,,,,
,2066,,,3611,,,,,,,
,2083,,,3605,,,,,,,
,2064,,,3112,,,,,,,
,2062,,,3553,,,,,,,
,2055,,,3574,,,,,,,
,2079,,,3559,,,,,,,
,2064,,,3530,,,,,,,
,2062,,,3535,,,,,,,
,2075,,,3537,,,,,,,
,2080,,,3539,,,,,,,
,2061,,,3524,,,,,,,
,2065,,,3536,,,,,,,
,2060,,,3525,,,,,,,
,2062,,,3603,,,,,,,
,2059,,,3566,,,,,,,
,2059,,,3613,,,,,,,
,2096,,,3648,,,,,,,
,2063,,,3582,,,,,,,
,2063,,,3633,,,,,,,
,2064,,,3623,,,,,,,
,2087,,,3569,,,,,,,
,2064,,,3618,,,,,,,
,2063,,,3596,,,,,,,
,2064,,,3568,,,,,,,
,2082,,,3672,,,,,,,
,2064,,,3619,,,,,,,
,2061,,,3551,,,,,,,
,2064,,,3651,,,,,,,
,2077,,,3583,,,,,,,
,2058,,,3568,,,,,,,
,2060,,,3583,,,,,,,
,2068,,,3553,,,,,,,
,2062,,,3623,,,,,,,
,2067,,,3607,,,,,,,
,1968,,,3553,,,,,,,
,2064,,,3610,,,,,,,
,2063,,,3583,,,,,,,
,2064,,,3583,,,,,,,
,2096,,,3623,,,,,,,
,2064,,,3611,,,,,,,
,2054,,,3571,,,,,,,
,2064,,,3567,,,,,,,
,2064,,,3534,,,,,,,
,2073,,,3598,,,,,,,
,2062,,,3565,,,,,,,
,2064,,,3546,,,,,,,
,2074,,,3574,,,,,,,
,2089,,,3529,,,,,,,
,2064,,,3515,,,,,,,
,2062,,,3568,,,,,,,
,2061,,,3515,,,,,,,
,2066,,,3567,,,,,,,
,2063,,,3600,,,,,,,
,2064,,,3600,,,,,,,
,2063,,,3563,,,,,,,
,2064,,,3573,,,,,,,
,2064,,,3509,,,,,,,
,2062,,,3513,,,,,,,
,2064,,,3559,,,,,,,
,2061,,,3536,,,,,,,
,2061,,,3532,,,,,,,
,2071,,,3565,,,,,,,
,2063,,,3554,,,,,,,
,2059,,,3600,,,,,,,
,2064,,,3551,,,,,,,
,2112,,,3571,,,,,,,
,2090,,,3632,,,,,,,
,2063,,,3567,,,,,,,
,2064,,,3577,,,,,,,
,2068,,,3615,,,,,,,
,2078,,,3540,,,,,,,
,2064,,,3543,,,,,,,
,2071,,,3632,,,,,,,
,2061,,,3527,,,,,,,
,2058,,,3558,,,,,,,
,2062,,,3575,,,,,,,
,2059,,,3568,,,,,,,
,2062,,,3657,,,,,,,
,2064,,,3599,,,,,,,
,2065,,,3573,,,,,,,
,2066,,,3626,,,,,,,
,2064,,,3536,,,,,,,
,2047,,,3583,,,,,,,
,2064,,,3617,,,,,,,
,2087,,,3553,,,,,,,
,2063,,,3540,,,,,,,
,2063,,,3647,,,,,,,
,1675,,,3563,,,,,,,
,2064,,,3581,,,,,,,
,2071,,,3650,,,,,,,
,2064,,,3601,,,,,,,
,2064,,,3575,,,,,,,
,2065,,,3536,,,,,,,
,2079,,,3547,,,,,,,
,2064,,,3600,,,,,,,
,2063,,,3565,,,,,,,
,2061,,,3600,,,,,,,
,2062,,,4095,,,,,,,
,2056,,,3553,,,,,,,
,2059,,,3569,,,,,,,
,2061,,,3631,,,,,,,
,2058,,,3575,,,,,,,
,2061,,,3605,,,,,,,
,2063,,,3577,,,,,,,
,2064,,,3570,,,,,,,
,2066,,,3610,,,,,,,
,2064,,,3570,,,,,,,
,2062,,,3631,,,,,,,
,2063,,,3611,,,,,,,
,2063,,,3686,,,,,,,
,2064,,,3600,,,,,,,
,2067,,,3634,,,,,,,
,2067,,,3601,,,,,,,
,2073,,,3615,,,,,,,
,2059,,,3572,,,,,,,
,2061,,,3610,,,,,,,
,2077,,,3597,,,,,,,
,2057,,,3610,,,,,,,
,2061,,,3599,,,,,,,
,2064,,,3601,,,,,,,
,2085,,,3627,,,,,,,
,2063,,,3609,,,,,,,
,2063,,,3577,,,,,,,
,2063,,,4032,,,,,,,
,2064,,,3626,,,,,,,
,2063,,,3621,,,,,,,
,2063,,,3583,,,,,,,
,2077,,,3600,,,,,,,
,2064,,,3663,,,,,,,
,2064,,,3583,,,,,,,
,2064,,,3583,,,,,,,
,2078,,,3609,,,,,,,
,2085,,,3534,,,,,,,
,2064,,,3599,,,,,,,
,2064,,,3568,,,,,,,
,2064,,,3605,,,,,,,
,2053,,,3680,,,,,,,
,2064,,,3582,,,,,,,
,2064,,,3583,,,,,,,
,2096,,,3699,,,,,,,
,2060,,,3609,,,,,,,
,2059,,,3568,,,,,,,
,2074,,,3583,,,,,,,
,2086,,,3600,,,,,,,
,2064,,,3583,,,,,,,
,2064,,,3661,,,,,,,
,2065,,,3583,,,,,,,
,2064,,,3603,,,,,,,
,2064,,,3665,,,,,,,
,2064,,,3624,,,,,,,
,2064,,,3671,,,,,,,
,2064,,,3570,,,,,,,
,2064,,,3579,,,,,,,
,2065,,,3638,,,,,,,
,2069,,,3613,,,,,,,
,2081,,,3614,,,,,,,
,2064,,,3650,,,,,,,
,2064,,,3646,,,,,,,
,2075,,,3600,,,,,,,
,2061,,,3605,,,,,,,
,2063,,,3639,,,,,,,
,2066,,,3619,,,,,,,
,2080,,,3677,,,,,,,
,2065,,,3575,,,,,,,
,2064,,,3667,,,,,,,
,2064,,,3663,,,,,,,
,2064,,,3653,,,,,,,
,2064,,,3671,,,,,,,
,2063,,,3597,,,,,,,
,2066,,,3623,,,,,,,
,2064,,,3696,,,,,,,
,2061,,,3620,,,,,,,
,2064,,,3581,,,,,,,
,2071,,,3630,,,,,,,
,2065,,,3583,,,,,,,
,2067,,,3646,,,,,,,
,2064,,,3632,,,,,,,
,2071,,,3600,,,,,,,
,2064,,,3646,,,,,,,
,2073,,,3679,,,,,,,
,2065,,,3578,,,,,,,
,2081,,,3666,,,,,,,
,2065,,,3603,,,,,,,
,2063,,,3615,,,,,,,
,2063,,,3664,,,,,,,
,2085,,,3600,,,,,,,
,2063,,,3617,,,,,,,
,2062,,,4095,,,,,,,
,2007,,,3637,,,,,,,
,2061,,,3681,,,,,,,
,2061,,,3675,,,,,,,
,2064,,,3626,,,,,,,
,2064,,,3637,,,,,,,
,2065,,,3659,,,,,,,
,2063,,,3636,,,,,,,
,2065,,,3663,,,,,,,
,2065,,,3693,,,,,,,
,2064,,,3643,,,,,,,
,2066,,,3670,,,,,,,
,2064,,,3627,,,,,,,
,2086,,,3648,,,,,,,
,2062,,,3695,,,,,,,
,2063,,,3610,,,,,,,
,2069,,,3659,,,,,,,
,2097,,,3615,,,,,,,
,2064,,,3611,,,,,,,
,2071,,,3634,,,,,,,
,2064,,,3604,,,,,,,
,2064,,,3602,,,,,,,
,2079,,,3600,,,,,,,
,2064,,,3682,,,,,,,
,2084,,,3616,,,,,,,
,2067,,,3617,,,,,,,
,2063,,,3683,,,,,,,
,2072,,,3655,,,,,,,
,2062,,,3702,,,,,,,
,2063,,,3609,,,,,,,
,2063,,,3599,,,,,,,
,2069,,,3691,,,,,,,
,2090,,,3654,,,,,,,
,2054,,,3661,,,,,,,
,2083,,,3651,,,,,,,
,2067,,,3616,,,,,,,
,2063,,,3694,,,,,,,
,2064,,,3669,,,,,,,
,2064,,,3618,,,,,,,
,2061,,,3622,,,,,,,
,2073,,,3571,,,,,,,
,2064,,,3655,,,,,,,
,2067,,,3663,,,,,,,
,2082,,,3623,,,,,,,
,2070,,,3643,,,,,,,
,2064,,,3728,,,,,,,
,2081,,,3606,,,,,,,
,2064,,,3611,,,,,,,
,2064,,,3652,,,,,,,
,2098,,,3660,,,,,,,
,2064,,,3678,,,,,,,
,2067,,,3648,,,,,,,
,2086,,,3632,,,,,,,
,2064,,,3611,,,,,,,
,2095,,,3655,,,,,,,
,2064,,,3632,,,,,,,
,2064,,,3671,,,,,,,
,2074,,,3713,,,,,,,
,2064,,,3671,,,,,,,
,2063,,,3691,,,,,,,
,2070,,,3613,,,,,,,
,2064,,,3621,,,,,,,
,2062,,,3709,,,,,,,
,2067,,,3683,,,,,,,
,2063,,,3655,,,,,,,
,2055,,,3634,,,,,,,
,2085,,,3601,,,,,,,
,2060,,,3609,,,,,,,
,2068,,,3677,,,,,,,
,2103,,,3583,,,,,,,
,2064,,,3670,,,,,,,
,2078,,,3696,,,,,,,
,2071,,,3631,,,,,,,
,2063,,,3683,,,,,,,
,2064,,,3600,,,,,,,
,2080,,,3610,,,,,,,
,2063,,,3657,,,,,,,
,2073,,,3603,,,,,,,
,2064,,,3599,,,,,,,
,2065,,,3680,,,,,,,
,2094,,,3629,,,,,,,
,2064,,,3639,,,,,,,
,2064,,,3639,,,,,,,
,2062,,,3696,,,,,,,
,2062,,,3647,,,,,,,
,2071,,,3723,,,,,,,
,2091,,,3615,,,,,,,
,2064,,,3607,,,,,,,
,2086,,,3629,,,,,,,
,2082,,,3615,,,,,,,
,2064,,,3665,,,,,,,
,2064,,,3643,,,,,,,
,2074,,,3622,,,,,,,
,2065,,,3735,,,,,,,
,2064,,,3600,,,,,,,
,2064,,,3614,,,,,,,
,2073,,,3673,,,,,,,
,2077,,,3635,,,,,,,
,2063,,,3632,,,,,,,
,2074,,,3595,,,,,,,
,2096,,,3600,,,,,,,
,2064,,,3603,,,,,,,
,2080,,,3678,,,,,,,
,2080,,,3632,,,,,,,
,2064,,,3669,,,,,,,
,2093,,,3699,,,,,,,
,2087,,,3643,,,,,,,
,2063,,,3686,,,,,,,
,2061,,,3654,,,,,,,
,2057,,,3617,,,,,,,
,2055,,,3696,,,,,,,
,2065,,,3632,,,,,,,
,2062,,,3600,,,,,,,
,2079,,,3642,,,,,,,
,2075,,,3631,,,,,,,
,2061,,,3621,,,,,,,
,2064,,,3664,,,,,,,
,2075,,,3665,,,,,,,
,2055,,,3633,,,,,,,
,2065,,,3680,,,,,,,
,2096,,,3651,,,,,,,
,2061,,,3687,,,,,,,
,2080,,,3642,,,,,,,
,2075,,,3660,,,,,,,
,2057,,,3709,,,,,,,
,2058,,,3677,,,,,,,
,2057,,,3611,,,,,,,
,2059,,,3712,,,,,,,
,2058,,,3632,,,,,,,
,2064,,,3685,,,,,,,
,2066,,,3629,,,,,,,
,2054,,,3670,,,,,,,
,2065,,,3714,,,,,,,
,2058,,,3681,,,,,,,
,2054,,,3703,,,,,,,
,2073,,,3667,,,,,,,
,2078,,,3717,,,,,,,
,2066,,,3738,,,,,,,
,2079,,,3652,,,,,,,
,2083,,,3623,,,,,,,
,2117,,,3747,,,,,,,
,2074,,,3633,,,,,,,
,2062,,,3657,,,,,,,
,2069,,,3731,,,,,,,
,2087,,,3654,,,,,,,
,2059,,,3696,,,,,,,
,2073,,,3733,,,,,,,
,2061,,,3617,,,,,,,
,2064,,,3691,,,,,,,
,2079,,,3713,,,,,,,
,2064,,,3691,,,,,,,
,2059,,,3665,,,,,,,
,2057,,,3706,,,,,,,
,2087,,,3664,,,,,,,
,2064,,,3765,,,,,,,
,2077,,,3667,,,,,,,
,2062,,,3650,,,,,,,
,2075,,,3721,,,,,,,
,2094,,,3657,,,,,,,
,2058,,,3625,,,,,,,
,2092,,,3792,,,,,,,
,2090,,,3706,,,,,,,
,2061,,,3677,,,,,,,
,2078,,,3717,,,,,,,
,2074,,,3686,,,,,,,
,2062,,,3681,,,,,,,
,2070,,,3713,,,,,,,
,2064,,,3693,,,,,,,
,2083,,,3682,,,,,,,
,2063,,,3661,,,,,,,
,2076,,,3651,,,,,,,
,2063,,,3733,,,,,,,
,2078,,,3921,,,,,,,
,2073,,,3649,,,,,,,
,2068,,,3621,,,,,,,
,2081,,,3658,,,,,,,
,2059,,,3665,,,,,,,
,2068,,,3687,,,,,,,
,2081,,,3742,,,,,,,
,2061,,,3673,,,,,,,
,2067,,,3732,,,,,,,
,2064,,,3727,,,,,,,
,2059,,,3646,,,,,,,
,2076,,,3726,,,,,,,
,2063,,,3627,,,,,,,
,2061,,,3614,,,,,,,
,2080,,,3713,,,,,,,
,2070,,,3649,,,,,,,
,2063,,,3678,,,,,,,
,2064,,,3675,,,,,,,
,2066,,,3715,,,,,,,
,2065,,,3716,,,,,,,
,2082,,,3651,,,,,,,
,2063,,,3651,,,,,,,
,2070,,,3702,,,,,,,
,2078,,,3682,,,,,,,
,2064,,,3641,,,,,,,
,2064,,,3739,,,,,,,
,2060,,,3678,,,,,,,
,2065,,,3652,,,,,,,
,2066,,,3741,,,,,,,
,2073,,,3634,,,,,,,
,2064,,,3655,,,,,,,
,2078,,,3719,,,,,,,
,2081,,,3687,,,,,,,
,2082,,,3710,,,,,,,
,2069,,,3696,,,,,,,
,2070,,,3647,,,,,,,
,2064,,,3693,,,,,,,
,2079,,,3684,,,,,,,
,2067,,,3638,,,,,,,
,2071,,,3745,,,,,,,
,2081,,,3724,,,,,,,
,2064,,,3639,,,,,,,
,2071,,,3744,,,,,,,
,2066,,,3635,,,,,,,
,2064,,,3568,,,,,,,
,2064,,,3683,,,,,,,
,2128,,,3662,,,,,,,
,2061,,,3699,,,,,,,
,2079,,,3633,,,,,,,
,2074,,,3657,,,,,,,
,2062,,,3719,,,,,,,
,2083,,,3699,,,,,,,
,2061,,,3658,,,,,,,
,2067,,,3727,,,,,,,
,2069,,,3685,,,,,,,
,2062,,,3649,,,,,,,
,2062,,,3719,,,,,,,
,2073,,,3675,,,,,,,
,2047,,,3681,,,,,,,
,2077,,,3680,,,,,,,
,2061,,,3679,,,,,,,
,2065,,,3701,,,,,,,
,2071,,,3690,,,,,,,
,2067,,,3655,,,,,,,
,2064,,,3709,,,,,,,
,2085,,,3687,,,,,,,
,2087,,,3677,,,,,,,
,2075,,,3739,,,,,,,
,2067,,,3703,,,,,,,
,2083,,,3685,,,,,,,
,2065,,,3773,,,,,,,
,2065,,,3722,,,,,,,
,2074,,,3686,,,,,,,
,2064,,,3663,,,,,,,
,2059,,,3681,,,,,,,
,2057,,,3696,,,,,,,
,2066,,,3664,,,,,,,
,2058,,,3644,,,,,,,
,2062,,,3728,,,,,,,
,2065,,,3668,,,,,,,
,2069,,,3678,,,,,,,
,2061,,,3730,,,,,,,
,2069,,,3742,,,,,,,
,2081,,,3685,,,,,,,
,2063,,,3762,,,,,,,
,2079,,,3715,,,,,,,
,2081,,,3635,,,,,,,
,2063,,,3711,,,,,,,
,2064,,,3697,,,,,,,
,2066,,,3746,,,,,,,
,1890,,,3696,,,,,,,
,2064,,,3695,,,,,,,
,2064,,,3741,,,,,,,
,2064,,,3751,,,,,,,
,2064,,,3723,,,,,,,
,2083,,,3793,,,,,,,
,2063,,,3664,,,,,,,
,2064,,,3690,,,,,,,
,2064,,,3740,,,,,,,
,2064,,,3712,,,,,,,
,2068,,,3686,,,,,,,
,2064,,,3728,,,,,,,
,2063,,,3722,,,,,,,
,2064,,,3667,,,,,,,
,2064,,,3925,,,,,,,
,2066,,,3654,,,,,,,
,2064,,,3723,,,,,,,
,2082,,,3686,,,,,,,
,2074,,,3685,,,,,,,
,2064,,,3719,,,,,,,
,2064,,,3661,,,,,,,
,2086,,,3662,,,,,,,
,2065,,,3724,,,,,,,
,2064,,,3713,,,,,,,
,2059,,,3664,,,,,,,
,2075,,,3735,,,,,,,
,2064,,,3683,,,,,,,
,2064,,,3696,,,,,,,
,2064,,,3670,,,,,,,
,2062,,,3708,,,,,,,
,2064,,,3693,,,,,,,
,2064,,,3699,,,,,,,
,2064,,,3649,,,,,,,
,2083,,,3690,,,,,,,
,2063,,,3714,,,,,,,
,2064,,,3660,,,,,,,
,2089,,,3794,,,,,,,
,2086,,,3663,,,,,,,
,2064,,,3655,,,,,,,
,2064,,,3775,,,,,,,
,2064,,,3725,,,,,,,
,2082,,,3650,,,,,,,
,2069,,,3713,,,,,,,
,2060,,,3678,,,,,,,
,2064,,,3697,,,,,,,
,2058,,,3696,,,,,,,
,2064,,,3681,,,,,,,
,2064,,,3696,,,,,,,
,2061,,,3677,,,,,,,
,2056,,,3679,,,,,,,
,2069,,,3738,,,,,,,
,2065,,,3686,,,,,,,
,2075,,,3696,,,,,,,
,2066,,,3759,,,,,,,
,2061,,,3727,,,,,,,
,2079,,,3697,,,,,,,
,2077,,,3757,,,,,,,
,2063,,,3739,,,,,,,
,2064,,,3715,,,,,,,
,2078,,,3692,,,,,,,
,2065,,,3686,,,,,,,
,2067,,,3743,,,,,,,
,2066,,,3710,,,,,,,
,2063,,,3681,,,,,,,
,2077,,,3760,,,,,,,
,2064,,,3688,,,,,,,
,2066,,,3650,,,,,,,
,2064,,,3755,,,,,,,
,2064,,,3787,,,,,,,
,2066,,,3696,,,,,,,
,2065,,,3776,,,,,,,
,2079,,,3755,,,,,,,
,2066,,,3681,,,,,,,
,2064,,,3711,,,,,,,
,2064,,,3677,,,,,,,
,2099,,,3699,,,,,,,
,2062,,,3661,,,,,,,
,2062,,,3669,,,,,,,
,2072,,,3749,,,,,,,
,2064,,,3669,,,,,,,
,2060,,,3706,,,,,,,
,2063,,,3701,,,,,,,
,2076,,,3745,,,,,,,
,2065,,,3699,,,,,,,
,2064,,,3763,,,,,,,
,2057,,,3734,,,,,,,
,2071,,,3677,,,,,,,
,2064,,,3759,,,,,,,
,2067,,,3747,,,,,,,
,2058,,,3696,,,,,,,
,2087,,,3806,,,,,,,
,2061,,,3683,,,,,,,
,2064,,,3681,,,,,,,
,2064,,,3725,,,,,,,
,2064,,,3696,,,,,,,
,2064,,,3721,,,,,,,
,2058,,,3677,,,,,,,
,2082,,,3657,,,,,,,
,2062,,,3763,,,,,,,
,2069,,,3756,,,,,,,
,2059,,,3672,,,,,,,
,2083,,,3732,,,,,,,
,2075,,,3745,,,,,,,
,2062,,,3685,,,,,,,
,2063,,,3793,,,,,,,
,2075,,,3687,,,,,,,
,2077,,,3713,,,,,,,
,2064,,,3726,,,,,,,
,2064,,,3699,,,,,,,
,2077,,,3693,,,,,,,
,2029,,,3733,,,,,,,
,2069,,,3678,,,,,,,
,2064,,,3728,,,,,,,
,2065,,,3657,,,,,,,
,2064,,,3632,,,,,,,
,2064,,,3717,,,,,,,
,2066,,,3758,,,,,,,
,2064,,,3677,,,,,,,
,2064,,,3765,,,,,,,
,2064,,,3750,,,,,,,
,2075,,,3728,,,,,,,
,2064,,,3735,,,,,,,
,2064,,,3678,,,,,,,
,2064,,,3687,,,,,,,
,2078,,,3758,,,,,,,
,2064,,,3712,,,,,,,
,2064,,,3728,,,,,,,
,2064,,,3710,,,,,,,
,2077,,,3693,,,,,,,
,2096,,,3714,,,,,,,
,2064,,,3743,,,,,,,
,2064,,,3712,,,,,,,
,2070,,,3781,,,,,,,
,2064,,,3733,,,,,,,
,2074,,,3671,,,,,,,
,2070,,,3766,,,,,,,
,2064,,,3682,,,,,,,
,2055,,,3666,,,,,,,
,2064,,,3731,,,,,,,
,2074,,,3757,,,,,,,
,2081,,,3682,,,,,,,
,2064,,,3649,,,,,,,
,2093,,,3677,,,,,,,
,2089,,,3774,,,,,,,
,2064,,,3660,,,,,,,
,2087,,,3714,,,,,,,
,2084,,,3777,,,,,,,
,2064,,,3780,,,,,,,
,2064,,,3754,,,,,,,
,2066,,,3701,,,,,,,
,2064,,,3712,,,,,,,
,2064,,,3792,,,,,,,
,2077,,,3747,,,,,,,
,2064,,,3744,,,,,,,
,2071,,,3791,,,,,,,
,2064,,,3699,,,,,,,
,2074,,,3751,,,,,,,
,2066,,,3791,,,,,,,
,2064,,,3738,,,,,,,
,2064,,,3770,,,,,,,
,2092,,,3783,,,,,,,
,2064,,,3761,,,,,,,
,2062,,,3782,,,,,,,
,2084,,,3727,,,,,,,
,2063,,,3747,,,,,,,
,2062,,,3831,,,,,,,
,2071,,,3712,,,,,,,
,2055,,,3735,,,,,,,
,2067,,,3778,,,,,,,
,2081,,,3753,,,,,,,
,2063,,,3718,,,,,,,
,2078,,,3752,,,,,,,
,2064,,,3707,,,,,,,
,2083,,,3755,,,,,,,
,2096,,,3778,,,,,,,
,2054,,,3777,,,,,,,
,2079,,,3747,,,,,,,
,2079,,,3745,,,,,,,
,2064,,,3754,,,,,,,
,2086,,,3786,,,,,,,
,2110,,,3759,,,,,,,
,2065,,,3698,,,,,,,
,2070,,,3772,,,,,,,
,2091,,,3761,,,,,,,
,2080,,,3715,,,,,,,
,2064,,,3792,,,,,,,
,2064,,,3664,,,,,,,
,2074,,,3742,,,,,,,
,2079,,,3754,,,,,,,
,2066,,,3651,,,,,,,
,2080,,,3763,,,,,,,
,2112,,,3763,,,,,,,
,2065,,,3749,,,,,,,
,2077,,,3787,,,,,,,
,2090,,,3697,,,,,,,
,2063,,,3697,,,,,,,
,2064,,,3738,,,,,,,
,2074,,,3731,,,,,,,
,2064,,,3696,,,,,,,
,2063,,,3766,,,,,,,
,2099,,,3677,,,,,,,
,2062,,,3681,,,,,,,
,2070,,,3763,,,,,,,
,2067,,,3711,,,,,,,
,2064,,,3734,,,,,,,
,2073,,,3747,,,,,,,
,2064,,,3763,,,,,,,
,2072,,,3767,,,,,,,
,2074,,,3757,,,,,,,
,2061,,,3696,,,,,,,
,2006,,,3787,,,,,,,
,2079,,,3671,,,,,,,
,2064,,,3730,,,,,,,
,2064,,,3734,,,,,,,
,2070,,,3676,,,,,,,
,2064,,,3678,,,,,,,
,2066,,,3743,,,,,,,
,2065,,,3670,,,,,,,
,2062,,,3731,,,,,,,
,2062,,,3728,,,,,,,
,2044,,,3755,,,,,,,
,2064,,,3779,,,,,,,
,2092,,,3728,,,,,,,
,2064,,,3677,,,,,,,
,2064,,,3779,,,,,,,
,2093,,,3701,,,,,,,
,2064,,,3710,,,,,,,
,2066,,,3757,,,,,,,
,2087,,,3717,,,,,,,
,2066,,,3731,,,,,,,
,2064,,,3738,,,,,,,
,2064,,,3583,,,,,,,
,2064,,,3767,,,,,,,
,2069,,,3771,,,,,,,
,2063,,,3766,,,,,,,
,2069,,,3787,,,,,,,
,2078,,,3662,,,,,,,
,2060,,,3723,,,,,,,
,2080,,,3788,,,,,,,
,2087,,,3657,,,,,,,
,2066,,,3712,,,,,,,
,2087,,,3713,,,,,,,
,2096,,,3730,,,,,,,
,2067,,,3757,,,,,,,
,2059,,,3754,,,,,,,
,2077,,,3671,,,,,,,
,2064,,,3712,,,,,,,
,2070,,,3674,,,,,,,
,2064,,,3759,,,,,,,
,2064,,,3762,,,,,,,
,2070,,,3707,,,,,,,
,2065,,,3795,,,,,,,
,2064,,,3772,,,,,,,
,2076,,,3694,,,,,,,
,2063,,,3735,,,,,,,
,2073,,,3707,,,,,,,
,2096,,,3696,,,,,,,
,2065,,,3713,,,,,,,
,2075,,,3705,,,,,,,
,2085,,,3754,,,,,,,
,2064,,,3779,,,,,,,
,2064,,,3694,,,,,,,
,2070,,,3717,,,,,,,
,2063,,,3917,,,,,,,
,2063,,,3703,,,,,,,
,2064,,,3737,,,,,,,
,2063,,,3729,,,,,,,
,2096,,,3723,,,,,,,
,2082,,,3706,,,,,,,
,2071,,,3793,,,,,,,
,2080,,,3664,,,,,,,
,2061,,,3730,,,,,,,
,2065,,,3679,,,,,,,
,2102,,,3711,,,,,,,
,2064,,,3691,,,,,,,
,2085,,,3711,,,,,,,
,2096,,,3803,,,,,,,
,2058,,,3703,,,,,,,
,2071,,,3696,,,,,,,
,2083,,,3738,,,,,,,
,2069,,,3725,,,,,,,
,2073,,,3666,,,,,,,
,2066,,,3697,,,,,,,
,2062,,,3755,,,,,,,
,2078,,,3674,,,,,,,
,2064,,,3675,,,,,,,
,2064,,,3747,,,,,,,
,2075,,,3663,,,,,,,
,1963,,,3648,,,,,,,
,2090,,,3796,,,,,,,
,2064,,,3650,,,,,,,
,2064,,,3663,,,,,,,
,2071,,,3737,,,,,,,
,2064,,,3680,,,,,,,
,2065,,,3665,,,,,,,
,2082,,,3701,,,,,,,
,2069,,,3662,,,,,,,
,2069,,,3707,,,,,,,
,2073,,,3694,,,,,,,
,2069,,,3667,,,,,,,
,2066,,,3747,,,,,,,
,2077,,,3664,,,,,,,
,2064,,,3696,,,,,,,
,2064,,,3785,,,,,,,
,2082,,,3678,,,,,,,
,2063,,,3685,,,,,,,
,2071,,,3743,,,,,,,
,2063,,,3717,,,,,,,
,2064,,,3679,,,,,,,
,2081,,,3770,,,,,,,
,2077,,,3767,,,,,,,
,2067,,,3715,,,,,,,
,2070,,,3707,,,,,,,
,2062,,,3675,,,,,,,
,2062,,,3742,,,,,,,
,2091,,,3719,,,,,,,
,2075,,,3741,,,,,,,
,2065,,,3813,,,,,,,
,2102,,,3710,,,,,,,
,2064,,,3691,,,,,,,
,2064,,,3781,,,,,,,
,2059,,,3723,,,,,,,
,2078,,,3712,,,,,,,
,2085,,,3732,,,,,,,
,2086,,,3721,,,,,,,
,2064,,,3697,,,,,,,
,2087,,,3723,,,,,,,
,2063,,,3701,,,,,,,
,2064,,,3766,,,,,,,
,2082,,,3681,,,,,,,
,2064,,,3714,,,,,,,
,2064,,,3759,,,,,,,
,2064,,,3738,,,,,,,
,2069,,,3689,,,,,,,
,2064,,,3815,,,,,,,
,2086,,,3743,,,,,,,
,2064,,,3719,,,,,,,
,2064,,,3813,,,,,,,
,2203,,,3786,,,,,,,
,2064,,,3742,,,,,,,
,2087,,,3747,,,,,,,
,2065,,,3727,,,,,,,
,2064,,,3759,,,,,,,
,2077,,,3719,,,,,,,
,2066,,,3731,,,,,,,
,2077,,,3815,,,,,,,
,2065,,,3776,,,,,,,
,2089,,,3702,,,,,,,
,2066,,,3775,,,,,,,
,2064,,,3726,,,,,,,
,2071,,,3779,,,,,,,
,2064,,,3798,,,,,,,
,2064,,,3824,,,,,,,
,2064,,,3777,,,,,,,
,2079,,,3775,,,,,,,
,2065,,,3776,,,,,,,
,2064,,,3761,,,,,,,
,2099,,,3754,,,,,,,
,2064,,,3714,,,,,,,
,2064,,,3849,,,,,,,
,2087,,,3746,,,,,,,
,2064,,,3760,,,,,,,
,2064,,,3751,,,,,,,
,2065,,,3754,,,,,,,
,2090,,,3696,,,,,,,
,2065,,,3821,,,,,,,
,2064,,,3770,,,,,,,
,2079,,,3762,,,,,,,
,2064,,,3771,,,,,,,
,2064,,,3762,,,,,,,
,2062,,,3751,,,,,,,
,2075,,,3790,,,,,,,
,2064,,,3760,,,,,,,
,2065,,,3761,,,,,,,
,2067,,,3783,,,,,,,
,2064,,,3727,,,,,,,
,2065,,,3783,,,,,,,
,2070,,,3735,,,,,,,
,2064,,,3726,,,,,,,
,2064,,,3777,,,,,,,
,2065,,,3777,,,,,,,
,2080,,,3741,,,,,,,
,2064,,,3791,,,,,,,
,2061,,,3824,,,,,,,
,2064,,,3811,,,,,,,
,2062,,,3830,,,,,,,
,2064,,,3747,,,,,,,
,2064,,,3750,,,,,,,
,2091,,,3855,,,,,,,
,2066,,,3726,,,,,,,
,2061,,,3763,,,,,,,
,2060,,,3700,,,,,,,
,2064,,,3746,,,,,,,
,2080,,,3787,,,,,,,
,2067,,,3735,,,,,,,
,2074,,,3761,,,,,,,
,2064,,,3781,,,,,,,
,2064,,,3814,,,,,,,
,2078,,,3754,,,,,,,
,2064,,,3731,,,,,,,
,2064,,,3707,,,,,,,
,2083,,,3771,,,,,,,
,2064,,,3732,,,,,,,
,2060,,,3731,,,,,,,
,2066,,,3812,,,,,,,
,2078,,,3709,,,,,,,
,2063,,,3698,,,,,,,
,2064,,,3766,,,,,,,
,2080,,,3680,,,,,,,
,2062,,,3749,,,,,,,
,2059,,,3751,,,,,,,
,2068,,,3758,,,,,,,
,2083,,,3786,,,,,,,
,2064,,,3758,,,,,,,
,2064,,,3690,,,,,,,
,2075,,,3728,,,,,,,
,2064,,,3723,,,,,,,
,2063,,,3771,,,,,,,
,2071,,,3791,,,,,,,
,2075,,,3734,,,,,,,
,2064,,,3723,,,,,,,
,2064,,,3760,,,,,,,
,2090,,,3681,,,,,,,
,2062,,,3712,,,,,,,
,2064,,,3763,,,,,,,
,2075,,,3783,,,,,,,
,2057,,,3757,,,,,,,
,2062,,,3735,,,,,,,
,2063,,,3752,,,,,,,
,2066,,,3781,,,,,,,
,2064,,,3899,,,,,,,
,2064,,,3705,,,,,,,
,2059,,,3780,,,,,,,
,2062,,,3733,,,,,,,
,2061,,,3706,,,,,,,
,2058,,,3789,,,,,,,
,2067,,,3709,,,,,,,
,2063,,,3729,,,,,,,
,2061,,,3849,,,,,,,
,2079,,,3843,,,,,,,
,2064,,,3824,,,,,,,
,2074,,,3844,,,,,,,
,2085,,,3819,,,,,,,
,2074,,,3792,,,,,,,
,2062,,,3853,,,,,,,
,2094,,,3787,,,,,,,
,2063,,,3871,,,,,,,
,2064,,,3818,,,,,,,
,2074,,,3775,,,,,,,
,2063,,,3823,,,,,,,
,2064,,,3757,,,,,,,
,2064,,,3738,,,,,,,
,2063,,,3823,,,,,,,
,2063,,,3792,,,,,,,
,2058,,,3712,,,,,,,
,2062,,,3773,,,,,,,
,2529,,,3766,,,,,,,
,2064,,,3760,,,,,,,
,2064,,,3781,,,,,,,
,2066,,,3728,,,,,,,
,2083,,,3794,,,,,,,
,2064,,,3750,,,,,,,
,2078,,,3728,,,,,,,
,2064,,,3762,,,,,,,
,2075,,,3747,,,,,,,
,2060,,,3790,,,,,,,
,2083,,,3831,,,,,,,
,2082,,,3815,,,,,,,
,2080,,,3820,,,,,,,
,2064,,,3843,,,,,,,
,2064,,,3819,,,,,,,
,2064,,,3857,,,,,,,
,2075,,,3777,,,,,,,
,2064,,,3728,,,,,,,
,2069,,,3771,,,,,,,
,2064,,,3773,,,,,,,
,2065,,,3714,,,,,,,
,2064,,,3741,,,,,,,
,2064,,,3741,,,,,,,
,2064,,,3738,,,,,,,
,2062,,,3766,,,,,,,
,2064,,,3711,,,,,,,
,2064,,,3783,,,,,,,
,2086,,,3875,,,,,,,
,2063,,,4095,,,,,,,
,2060,,,3779,,,,,,,
,2061,,,3815,,,,,,,
,2064,,,3739,,,,,,,
,2064,,,3757,,,,,,,
,2075,,,3839,,,,,,,
,2064,,,3792,,,,,,,
,2075,,,3773,,,,,,,
,2078,,,3785,,,,,,,
,1915,,,3696,,,,,,,
,2064,,,3787,,,,,,,
,2067,,,3806,,,,,,,
,2077,,,3761,,,,,,,
,2071,,,3823,,,,,,,
,2066,,,3892,,,,,,,
,2062,,,3843,,,,,,,
,2066,,,3831,,,,,,,
,2064,,,3862,,,,,,,
,2065,,,3755,,,,,,,
,2064,,,3806,,,,,,,
,2081,,,3775,,,,,,,
,2081,,,3793,,,,,,,
,2080,,,3847,,,,,,,
,2064,,,3792,,,,,,,
,2065,,,3823,,,,,,,
,2061,,,3451,,,,,,,
,2078,,,3809,,,,,,,
,2064,,,3795,,,,,,,
,2069,,,3792,,,,,,,
,2065,,,3786,,,,,,,
,2085,,,3767,,,,,,,
,1917,,,3819,,,,,,,
,2074,,,3769,,,,,,,
,2077,,,3789,,,,,,,
,2064,,,3789,,,,,,,
,2064,,,3843,,,,,,,
,2064,,,3770,,,,,,,
,2064,,,3774,,,,,,,
,2067,,,3795,,,,,,,
,2066,,,3753,,,,,,,
,2075,,,3729,,,,,,,
,2065,,,3770,,,,,,,
,2064,,,3944,,,,,,,
,2066,,,3747,,,,,,,
,2082,,,3766,,,,,,,
,2082,,,3856,,,,,,,
,2065,,,3779,,,,,,,
,2059,,,3757,,,,,,,
,2064,,,3792,,,,,,,
,2074,,,3835,,,,,,,
,2066,,,3747,,,,,,,
,2078,,,3760,,,,,,,
,2063,,,3847,,,,,,,
,2064,,,3786,,,,,,,
,2063,,,3791,,,,,,,
,2064,,,3815,,,,,,,
,2064,,,3854,,,,,,,
,2061,,,3809,,,,,,,
,2064,,,3766,,,,,,,
,2064,,,3792,,,,,,,
,2067,,,3818,,,,,,,
,2065,,,3790,,,,,,,
,2067,,,3838,,,,,,,
,2075,,,3882,,,,,,,
,2096,,,3806,,,,,,,
,2065,,,3792,,,,,,,
,2064,,,3862,,,,,,,
,2064,,,3795,,,,,,,
,2069,,,3808,,,,,,,
,2055,,,3767,,,,,,,
,2065,,,3772,,,,,,,
,2066,,,3806,,,,,,,
,2091,,,3447,,,,,,,
,2064,,,3823,,,,,,,
,2063,,,3827,,,,,,,
,2064,,,3786,,,,,,,
,2067,,,3834,,,,,,,
,2075,,,3795,,,,,,,
,2064,,,3786,,,,,,,
,2075,,,3760,,,,,,,
,2063,,,3854,,,,,,,
,2064,,,3777,,,,,,,
,2064,,,3762,,,,,,,
,2065,,,3753,,,,,,,
,2064,,,3772,,,,,,,
,2064,,,3745,,,,,,,
,2102,,,3781,,,,,,,
,2086,,,3543,,,,,,,
,2064,,,3813,,,,,,,
,2064,,,3819,,,,,,,
,2065,,,3865,,,,,,,
,2065,,,3801,,,,,,,
,2067,,,3810,,,,,,,
,2069,,,3866,,,,,,,
,2064,,,3900,,,,,,,
,2064,,,3775,,,,,,,
,2057,,,3812,,,,,,,
,2067,,,3850,,,,,,,
,2065,,,3795,,,,,,,
,2069,,,3783,,,,,,,
,2067,,,3846,,,,,,,
,2070,,,3795,,,,,,,
,2064,,,3815,,,,,,,
,2071,,,3901,,,,,,,
,2065,,,3882,,,,,,,
,2075,,,3855,,,,,,,
,2063,,,3824,,,,,,,
,2064,,,3887,,,,,,,
,2071,,,3887,,,,,,,
,2067,,,3858,,,,,,,
,2078,,,3810,,,,,,,
,2065,,,3831,,,,,,,
,2064,,,3803,,,,,,,
,2083,,,3796,,,,,,,
,2068,,,3809,,,,,,,
,2069,,,3795,,,,,,,
,2088,,,3815,,,,,,,
,2064,,,3827,,,,,,,
,2066,,,3888,,,,,,,
,2101,,,3844,,,,,,,
,2074,,,3834,,,,,,,
,2069,,,3905,,,,,,,
,2083,,,3888,,,,,,,
,2071,,,3839,,,,,,,
,2065,,,3837,,,,,,,
,2077,,,3952,,,,,,,
,2066,,,3822,,,,,,,
,2064,,,3856,,,,,,,
,2069,,,3897,,,,,,,
,2065,,,3815,,,,,,,
,2065,,,3860,,,,,,,
,2069,,,3824,,,,,,,
,2062,,,3825,,,,,,,
,2080,,,3863,,,,,,,
,2065,,,3966,,,,,,,
,2064,,,3884,,,,,,,
,2032,,,3877,,,,,,,
,2061,,,3835,,,,,,,
,2064,,,3891,,,,,,,
,2063,,,3805,,,,,,,
,2078,,,3798,,,,,,,
,2064,,,3815,,,,,,,
,2065,,,3821,,,,,,,
,2086,,,3796,,,,,,,
,2073,,,3843,,,,,,,
,2092,,,3824,,,,,,,
,2063,,,3796,,,,,,,
,2065,,,3855,,,,,,,
,2063,,,3789,,,,,,,
,2065,,,3887,,,,,,,
,2063,,,3839,,,,,,,
,2064,,,3807,,,,,,,
,2074,,,3859,,,,,,,
,2079,,,3839,,,,,,,
,2065,,,3827,,,,,,,
,2119,,,3835,,,,,,,
,2064,,,3813,,,,,,,
,2064,,,3822,,,,,,,
,2067,,,3830,,,,,,,
,2067,,,3782,,,,,,,
,2071,,,3801,,,,,,,
,2081,,,3883,,,,,,,
,2067,,,3840,,,,,,,
,2064,,,3743,,,,,,,
,2074,,,3926,,,,,,,
,2067,,,3825,,,,,,,
,2064,,,3905,,,,,,,
,2062,,,3871,,,,,,,
,2075,,,3838,,,,,,,
,2064,,,3883,,,,,,,
,2066,,,3824,,,,,,,
,2080,,,3833,,,,,,,
,2064,,,3859,,,,,,,
,2064,,,3824,,,,,,,
,2077,,,3799,,,,,,,
,2065,,,3847,,,,,,,
,2064,,,3838,,,,,,,
,2078,,,3827,,,,,,,
,2086,,,3853,,,,,,,
,2064,,,3839,,,,,,,
,2064,,,3888,,,,,,,
,2080,,,3833,,,,,,,
,2064,,,3830,,,,,,,
,2075,,,4095,,,,,,,
,2077,,,3873,,,,,,,
,2071,,,3792,,,,,,,
,2062,,,3835,,,,,,,
,2064,,,3857,,,,,,,
,2080,,,3831,,,,,,,
,2065,,,3822,,,,,,,
,2079,,,3824,,,,,,,
,2101,,,3826,,,,,,,
,2064,,,3855,,,,,,,
,2065,,,3819,,,,,,,
,2075,,,3842,,,,,,,
,2087,,,3856,,,,,,,
,2063,,,3870,,,,,,,
,2063,,,3888,,,,,,,
,2093,,,3878,,,,,,,
,2063,,,3818,,,,,,,
,2064,,,3857,,,,,,,
,2063,,,3842,,,,,,,
,2083,,,3829,,,,,,,
,2065,,,3809,,,,,,,
,2065,,,3859,,,,,,,
,2096,,,3808,,,,,,,
,2064,,,3792,,,,,,,
,2070,,,3794,,,,,,,
,2106,,,3824,,,,,,,
,2079,,,3809,,,,,,,
,2069,,,3830,,,,,,,
,2081,,,3861,,,,,,,
,2093,,,3801,,,,,,,
,2066,,,3815,,,,,,,
,2063,,,3875,,,,,,,
,2076,,,3842,,,,,,,
,2069,,,3937,,,,,,,
,2064,,,3823,,,,,,,
,2062,,,3842,,,,,,,
,2075,,,3842,,,,,,,
,2047,,,3824,,,,,,,
,2064,,,3867,,,,,,,
,2087,,,3829,,,,,,,
,2066,,,3835,,,,,,,
,2071,,,3885,,,,,,,
,2096,,,3827,,,,,,,
,2070,,,3831,,,,,,,
,2067,,,3873,,,,,,,
,2080,,,3861,,,,,,,
,2090,,,3851,,,,,,,
,2078,,,3941,,,,,,,
,2069,,,3876,,,,,,,
,2080,,,3830,,,,,,,
,2070,,,3915,,,,,,,
,2069,,,3843,,,,,,,
,2064,,,3823,,,,,,,
,2133,,,3860,,,,,,,
,2064,,,3857,,,,,,,
,2065,,,3879,,,,,,,
,2086,,,3856,,,,,,,
,2069,,,3856,,,,,,,
,2061,,,3891,,,,,,,
,2081,,,3901,,,,,,,
,2064,,,3868,,,,,,,
,2071,,,3931,,,,,,,
,2094,,,3933,,,,,,,
,2114,,,3838,,,,,,,
,2069,,,3925,,,,,,,
,2064,,,3863,,,,,,,
,2077,,,3984,,,,,,,
,2074,,,3868,,,,,,,
,2064,,,3835,,,,,,,
,2065,,,3867,,,,,,,
,2070,,,3871,,,,,,,
,2064,,,3824,,,,,,,
,2064,,,3891,,,,,,,
,2064,,,3885,,,,,,,
,2065,,,3887,,,,,,,
,2064,,,3971,,,,,,,
,2161,,,3963,,,,,,,
,2064,,,3907,,,,,,,
,2064,,,4017,,,,,,,
,,,,3977,,,,,,,
,,,,3875,,,,,,,
,,,,3923,,,,,,,
,,,,3906,,,,,,,
,,,,3921,,,,,,,
,,,,3905,,,,,,,
,,,,3952,,,,,,,
,,,,3957,,,,,,,
,,,,3871,,,,,,,
,,,,3818,,,,,,,
,,,,3747,,,,,,,
,,,,3718,,,,,,,
,,,,3664,,,,,,,
,,,,3655,,,,,,,
,,,,3730,,,,,,,
,,,,3730,,,,,,,
,,,,3709,,,,,,,
,,,,3667,,,,,,,
,,,,3694,,,,,,,
,,,,3677,,,,,,,
,,,,3694,,,,,,,
,,,,3731,,,,,,,
,,,,3648,,,,,,,
,,,,3652,,,,,,,
,,,,3702,,,,,,,
,,,,3636,,,,,,,
,,,,3659,,,,,,,
,,,,3671,,,,,,,
,,,,3699,,,,,,,
,,,,3677,,,,,,,
,,,,3685,,,,,,,
,,,,3735,,,,,,,
,,,,3694,,,,,,,
,,,,3668,,,,,,,
,,,,3648,,,,,,,
,,,,3684,,,,,,,
,,,,3741,,,,,,,
,,,,3686,,,,,,,
,,,,3681,,,,,,,
,,,,3669,,,,,,,
,,,,3700,,,,,,,
,,,,3665,,,,,,,
,,,,3698,,,,,,,
,,,,3637,,,,,,,
,,,,3642,,,,,,,
,,,,3727,,,,,,,
,,,,3685,,,,,,,
,,,,3682,,,,,,,
,,,,3664,,,,,,,
,,,,3728,,,,,,,
,,,,3693,,,,,,,
,,,,3673,,,,,,,
,,,,3642,,,,,,,
,,,,3685,,,,,,,
,,,,3665,,,,,,,
,,,,3671,,,,,,,
,,,,3674,,,,,,,
,,,,3678,,,,,,,
,,,,3647,,,,,,,
,,,,3749,,,,,,,
,,,,3711,,,,,,,
,,,,3704,,,,,,,
,,,,3710,,,,,,,
,,,,3715,,,,,,,
,,,,3632,,,,,,,
,,,,3639,,,,,,,
,,,,3665,,,,,,,
,,,,3695,,,,,,,
,,,,3654,,,,,,,
,,,,3664,,,,,,,
,,,,3685,,,,,,,
,,,,3673,,,,,,,
,,,,3658,,,,,,,
,,,,3797,,,,,,,
,,,,3711,,,,,,,
,,,,3669,,,,,,,
,,,,3719,,,,,,,
,,,,3686,,,,,,,
,,,,3682,,,,,,,
,,,,3650,,,,,,,
,,,,3701,,,,,,,
,,,,3687,,,,,,,
,,,,3635,,,,,,,
,,,,3633,,,,,,,
,,,,3692,,,,,,,
,,,,3648,,,,,,,
,,,,3634,,,,,,,
,,,,3669,,,,,,,
,,,,3710,,,,,,,
,,,,3639,,,,,,,
,,,,3706,,,,,,,
,,,,3682,,,,,,,
,,,,3669,,,,,,,
,,,,3713,,,,,,,
,,,,3648,,,,,,,
,,,,3671,,,,,,,
,,,,3691,,,,,,,
,,,,3639,,,,,,,
,,,,3696,,,,,,,
,,,,3661,,,,,,,
,,,,3637,,,,,,,
,,,,3691,,,,,,,
,,,,3680,,,,,,,
,,,,3636,,,,,,,
,,,,3640,,,,,,,
,,,,3641,,,,,,,
,,,,3648,,,,,,,
,,,,3712,,,,,,,
,,,,3659,,,,,,,
,,,,3649,,,,,,,
,,,,3638,,,,,,,
,,,,3616,,,,,,,
,,,,3710,,,,,,,
,,,,3639,,,,,,,
,,,,3635,,,,,,,
,,,,3679,,,,,,,
,,,,3647,,,,,,,
,,,,3631,,,,,,,
,,,,3627,,,,,,,
,,,,3747,,,,,,,
,,,,3654,,,,,,,
,,,,3690,,,,,,,
,,,,3645,,,,,,,
,,,,3633,,,,,,,
,,,,3700,,,,,,,
,,,,3631,,,,,,,
,,,,3665,,,,,,,
,,,,3632,,,,,,,
,,,,3631,,,,,,,
,,,,3679,,,,,,,
,,,,3625,,,,,,,
,,,,3664,,,,,,,
,,,,3696,,,,,,,
,,,,3642,,,,,,,
,,,,3632,,,,,,,
,,,,3632,,,,,,,
,,,,3625,,,,,,,
,,,,3712,,,,,,,
,,,,3728,,,,,,,
,,,,3674,,,,,,,
,,,,3679,,,,,,,
,,,,3658,,,,,,,
,,,,3669,,,,,,,
,,,,3690,,,,,,,
,,,,3639,,,,,,,
,,,,3667,,,,,,,
,,,,3681,,,,,,,
,,,,3648,,,,,,,
,,,,3721,,,,,,,
,,,,3659,,,,,,,
,,,,3632,,,,,,,
,,,,3789,,,,,,,
,,,,3691,,,,,,,
,,,,3645,,,,,,,
,,,,3735,,,,,,,
,,,,3677,,,,,,,
,,,,3661,,,,,,,
,,,,3694,,,,,,,
,,,,3546,,,,,,,
,,,,3737,,,,,,,
,,,,3635,,,,,,,
,,,,3623,,,,,,,
,,,,3698,,,,,,,
,,,,3649,,,,,,,
,,,,3681,,,,,,,
,,,,3691,,,,,,,
,,,,3686,,,,,,,
,,,,3698,,,,,,,
,,,,3665,,,,,,,
,,,,3699,,,,,,,
,,,,3713,,,,,,,
,,,,3662,,,,,,,
,,,,3655,,,,,,,
,,,,3762,,,,,,,
,,,,3664,,,,,,,
,,,,3647,,,,,,,
,,,,3720,,,,,,,
,,,,3652,,,,,,,
,,,,3661,,,,,,,
,,,,3712,,,,,,,
,,,,3635,,,,,,,
,,,,3686,,,,,,,
,,,,3664,,,,,,,
,,,,3693,,,,,,,
,,,,3709,,,,,,,
,,,,3648,,,,,,,
,,,,3696,,,,,,,
,,,,3775,,,,,,,
,,,,3687,,,,,,,
,,,,3670,,,,,,,
,,,,3780,,,,,,,
,,,,3679,,,,,,,
,,,,3671,,,,,,,
,,,,3683,,,,,,,
,,,,3664,,,,,,,
,,,,3678,,,,,,,
,,,,3667,,,,,,,
,,,,3691,,,,,,,
,,,,3663,,,,,,,
,,,,3760,,,,,,,
,,,,3721,,,,,,,
,,,,3758,,,,,,,
,,,,3648,,,,,,,
,,,,3643,,,,,,,
,,,,3743,,,,,,,
,,,,3635,,,,,,,
,,,,3707,,,,,,,
,,,,3697,,,,,,,
,,,,3651,,,,,,,
,,,,3664,,,,,,,
,,,,3673,,,,,,,
,,,,3655,,,,,,,
,,,,3706,,,,,,,
,,,,3649,,,,,,,
,,,,3710,,,,,,,
,,,,3712,,,,,,,
,,,,3644,,,,,,,
,,,,3679,,,,,,,
,,,,3791,,,,,,,
,,,,3697,,,,,,,
,,,,3696,,,,,,,
,,,,3751,,,,,,,
,,,,3658,,,,,,,
,,,,3686,,,,,,,
,,,,3750,,,,,,,
,,,,3723,,,,,,,
,,,,3703,,,,,,,
,,,,3710,,,,,,,
,,,,3738,,,,,,,
,,,,3748,,,,,,,
,,,,3695,,,,,,,
,,,,3749,,,,,,,
,,,,3789,,,,,,,
,,,,3711,,,,,,,
,,,,3822,,,,,,,
,,,,3788,,,,,,,
,,,,3716,,,,,,,
,,,,3760,,,,,,,
,,,,3761,,,,,,,
,,,,3696,,,,,,,
,,,,3714,,,,,,,
,,,,3742,,,,,,,
,,,,3715,,,,,,,
,,,,3725,,,,,,,
,,,,3668,,,,,,,
,,,,3705,,,,,,,
,,,,3696,,,,,,,
,,,,3582,,,,,,,
,,,,3582,,,,,,,
,,,,3703,,,,,,,
,,,,3661,,,,,,,
,,,,3698,,,,,,,
,,,,3651,,,,,,,
,,,,3632,,,,,,,
,,,,3825,,,,,,,
,,,,3746,,,,,,,
,,,,3666,,,,,,,
,,,,3671,,,,,,,
,,,,3682,,,,,,,
,,,,3778,,,,,,,
,,,,3754,,,,,,,
,,,,3673,,,,,,,
,,,,3703,,,,,,,
,,,,3744,,,,,,,
,,,,3712,,,,,,,
